influencer_id,Platform,Date,URL,Caption,Reach,Likes,Comments
258,Twitter,2025-05-23,http://peterson-garrison.com/,Central receive record bag could common director camera.,81251,37380,3821
239,YouTube,2025-05-22,http://www.cruz-morris.com/,Answer exactly manager international memory ask institution.,485611,31654,3803
638,Facebook,2025-07-07,http://moore.info/,Indicate cause pick available.,499703,241,825
590,Facebook,2025-04-23,https://www.fleming.com/,Between natural action save low.,39777,27125,2078
718,YouTube,2025-05-06,https://www.porter.com/,Mention want choice among phone director hospital.,4437,35261,2188
650,YouTube,2025-07-19,https://smith.net/,Middle soldier region material knowledge.,172679,27621,3139
656,Facebook,2025-06-29,https://holland.com/,Effort especially security method.,150662,45315,1502
900,YouTube,2025-06-09,http://gardner-henderson.org/,Assume man American campaign short within.,317636,28989,2366
559,YouTube,2025-04-27,http://carter.com/,Avoid bed power expect yard then bring allow.,480378,5166,2319
176,Twitter,2025-06-11,http://www.hoffman.com/,Help popular several shake event both lawyer.,754387,35495,3851
717,Twitter,2025-06-29,https://www.serrano.com/,Throughout huge threat give song my.,399375,12252,3478
959,YouTube,2025-07-19,http://martin-mccoy.com/,Job fill thus garden short over.,62530,34964,1509
902,YouTube,2025-04-30,http://www.graham.info/,Media support age success respond society position.,472101,36849,1825
71,YouTube,2025-04-23,https://harris-alvarado.biz/,Base hand decision decide.,5224,42819,2287
390,YouTube,2025-05-02,https://singh-gordon.net/,This seek remain road.,16999,14086,3490
609,YouTube,2025-05-20,http://lopez-wood.biz/,Bring receive participant gas.,117237,48122,327
99,Instagram,2025-06-15,http://www.hicks.com/,Including early discuss tend including author as.,77374,24416,2087
525,Facebook,2025-07-12,http://hanson-reynolds.com/,Listen image represent ago those pull image old.,270411,25223,1032
105,Facebook,2025-06-21,http://valentine-johnson.com/,Purpose majority hand art Mrs.,6990,23828,3057
79,Twitter,2025-05-06,https://anderson-davis.biz/,Argue new not bit.,10693,14907,926
569,Facebook,2025-05-08,http://webster-carter.com/,Make board positive Republican main shoulder.,126563,39290,4131
695,Twitter,2025-06-10,https://cox-lee.com/,Officer effect tonight film level task.,215004,18760,4116
997,Twitter,2025-04-29,http://www.delgado.com/,Town keep fine nor professional.,571624,24572,1675
807,Instagram,2025-05-16,https://martin-potter.biz/,Purpose off coach husband.,451587,33318,851
655,Twitter,2025-07-13,https://www.rogers-kim.com/,Us beyond indeed.,627549,3803,2561
474,Twitter,2025-06-07,http://www.adams-hernandez.info/,Tend executive treatment involve raise when media.,443376,29278,1943
308,Instagram,2025-07-17,http://www.rodriguez.org/,Fish mention later available.,297380,14836,2267
398,Instagram,2025-05-19,http://mckinney-clay.com/,National popular magazine interest street.,732318,21784,3106
160,YouTube,2025-04-27,http://rodriguez.biz/,Coach training market scene central age agreement word.,429076,5020,827
338,Twitter,2025-04-23,https://www.nelson-vargas.net/,Model avoid poor drop.,840280,35410,4249
693,YouTube,2025-07-02,https://stout.com/,Former pull find agree.,544712,4500,4327
285,YouTube,2025-07-20,http://www.hawkins.com/,Information drive window room face action.,99526,32478,1220
905,YouTube,2025-06-28,http://villanueva-neal.com/,Manage interesting heavy state.,23351,9792,4091
259,Facebook,2025-05-01,http://taylor.com/,Ask forward difficult military arm.,135042,10691,3939
111,Twitter,2025-05-01,https://white-bell.net/,Career customer maintain eye.,599101,31506,1455
685,YouTube,2025-05-11,http://www.hicks.info/,Direction fact voice least newspaper.,574596,20022,1418
371,Facebook,2025-04-24,https://washington-leblanc.com/,Network generation then difficult property.,9303,17020,4543
98,Instagram,2025-04-25,http://garcia.com/,Section choose shoulder dog center.,194070,39469,1564
795,Twitter,2025-04-26,http://www.richmond-martin.com/,Wear reduce nature standard deal real green.,310548,41597,4254
921,Instagram,2025-06-28,http://www.jones-mckinney.com/,Energy election raise product street federal paper.,39161,26187,2441
682,Twitter,2025-05-02,http://williams.com/,Game particularly tree season quality occur place himself.,381179,44688,4163
653,YouTube,2025-06-13,http://green-anderson.com/,Join against run like maintain hope meeting coach.,405288,35118,1524
907,Twitter,2025-06-19,http://weeks.com/,Million professor best lay forget.,16171,8961,2442
575,Instagram,2025-05-29,https://myers.info/,Fly leader war language probably like community.,436209,25489,2725
654,Twitter,2025-04-30,https://www.davies.net/,Arm trial add join growth effect.,163093,16632,2340
737,Twitter,2025-05-23,http://www.goodman.com/,Green eight price.,426261,18950,4600
845,Facebook,2025-06-14,http://www.harris-dyer.com/,Tell Democrat design friend.,581877,35125,1772
710,Twitter,2025-07-16,http://www.wilson-becker.com/,Minute under whole here science girl.,90290,30596,4401
482,Twitter,2025-04-25,https://www.murphy-robinson.net/,Value lead enjoy value lose.,423836,1686,4156
813,Facebook,2025-07-11,https://kelly.com/,Power magazine every message pattern series.,723148,41806,4118
413,Twitter,2025-06-07,https://serrano.com/,Drug might soon score campaign view.,9044,22152,2602
706,Facebook,2025-06-27,https://green.com/,Wonder girl president.,364603,39772,623
643,YouTube,2025-07-15,https://kemp.biz/,While police find truth century fall.,97661,3141,2427
198,YouTube,2025-06-07,http://reynolds-abbott.com/,Out stock someone back.,299859,38595,1615
202,Instagram,2025-04-27,http://www.decker.com/,Itself ask so actually adult him be successful.,173144,30535,3029
499,YouTube,2025-07-16,http://www.hoffman.biz/,Current finish work what seven form enter tell.,237728,20199,599
757,YouTube,2025-06-26,https://nolan.biz/,Trip action certainly tonight center management ask.,204801,4895,4181
682,Twitter,2025-07-20,http://www.fields-velez.com/,Fly speech close artist board.,342898,18155,1675
56,Twitter,2025-06-30,http://marshall-smith.info/,Write one red create.,1860,9083,2636
832,Instagram,2025-05-01,https://harris-dennis.info/,Nature successful pass price concern herself same name.,378934,38709,2027
769,YouTube,2025-06-25,http://www.thomas-dorsey.com/,Can college question its.,50460,8276,757
354,Facebook,2025-07-04,https://myers.com/,Industry decide every probably it.,118597,41559,46
447,Twitter,2025-05-24,https://baldwin.net/,Society never effect hospital see decision.,12694,39932,1714
181,YouTube,2025-07-19,http://www.smith.com/,Day effect popular than forget.,241104,38522,4089
952,Instagram,2025-06-23,https://www.chapman-brown.org/,Nothing throughout drug news audience expect.,333071,1768,2189
603,Instagram,2025-05-27,http://snyder.org/,Important policy set finally.,241805,40058,4981
908,YouTube,2025-07-05,https://www.brandt.com/,Under church southern worker walk today.,165393,25947,4500
675,Instagram,2025-05-20,https://www.martin.info/,Business reality reality week.,162542,27317,215
640,Facebook,2025-05-22,https://fisher.com/,Another nearly those.,141015,49943,3825
945,Facebook,2025-05-23,http://stone.info/,Indicate yet late reveal mouth major door sing.,288520,47660,2701
564,Instagram,2025-05-31,https://walls.net/,Make nice any garden chair action.,670324,15643,4264
48,Facebook,2025-06-27,https://campbell-leblanc.com/,This eat environment story serve situation bag.,8171,26688,4353
485,Facebook,2025-06-18,https://www.mills.com/,Prepare there determine brother focus section.,173460,8653,960
634,YouTube,2025-05-12,https://flores.org/,Bad pattern coach important radio among sing.,65491,46869,1001
938,Instagram,2025-06-05,https://carroll-thomas.org/,Begin particularly poor clearly together.,15491,11151,1647
951,YouTube,2025-05-04,http://lane.com/,Particularly rise life.,8565,39203,3703
2,Instagram,2025-06-11,https://perez.biz/,Until great reflect seem word.,417748,17037,4062
352,YouTube,2025-05-17,http://king-moses.com/,Election ago Republican billion face.,510824,30359,3528
430,Facebook,2025-05-09,http://hunter.net/,Available somebody out site increase.,193796,22619,4279
943,YouTube,2025-05-26,http://garcia-wilson.com/,Former drug source such score order.,652516,26362,4667
802,YouTube,2025-06-10,https://www.mann.com/,Away position skin next fall beautiful bring trouble.,61859,14971,586
184,Twitter,2025-05-03,http://www.nelson.com/,Keep language force economy piece control next.,159249,42307,4170
688,Twitter,2025-07-12,http://robinson.com/,Meet deal or rather person program.,42912,4588,2891
723,Facebook,2025-07-05,https://frye.info/,Race if true news from our.,62356,21259,2386
450,Twitter,2025-06-22,http://serrano.com/,Measure task family work laugh.,28026,45851,3830
1,Facebook,2025-05-12,https://www.chase.net/,Into team free such tonight.,70304,18793,4759
254,Twitter,2025-07-06,http://www.brown-brennan.com/,West forward culture morning institution scene commercial.,122020,31325,3376
237,Facebook,2025-06-24,http://www.charles.net/,Expert wind bar right suddenly professional.,114546,45251,4846
823,YouTube,2025-07-17,http://www.gardner.info/,Author week major where so and improve.,416115,43227,1050
294,Facebook,2025-05-26,https://torres-bell.com/,Leader make risk reality community.,405725,29595,271
966,YouTube,2025-06-13,https://oliver.info/,Military sure anyone best apply reality.,3193,30764,2846
281,Twitter,2025-07-15,https://www.harris.net/,Institution indicate next forget both record job.,156120,9736,3534
711,YouTube,2025-05-03,https://wu.com/,Difference because perhaps fear high.,727759,24035,2499
13,Instagram,2025-07-07,https://mcguire.com/,Work these every among bring modern building.,73635,1315,1313
723,Facebook,2025-05-21,http://ryan.com/,Produce laugh do employee spend spend.,244782,24135,1339
735,YouTube,2025-05-11,http://www.freeman-yang.com/,Dream them seven magazine station.,239916,42327,1225
707,YouTube,2025-07-10,http://jimenez-petersen.com/,Every speech focus message fish fine task.,873058,37997,3458
971,YouTube,2025-06-14,https://www.jackson.com/,Democratic international group until very want employee face.,524667,20798,1148
932,Twitter,2025-07-12,http://roberts.org/,Soon wonder reason environment should black religious.,110010,22196,1538
323,Instagram,2025-07-03,http://hall.org/,Difficult little role require.,403787,42996,4990
212,Twitter,2025-05-11,https://www.silva.net/,Region goal third either pass.,34020,43572,4347
707,YouTube,2025-05-19,http://www.may.biz/,Trial song account region civil.,520486,20644,262
41,Twitter,2025-06-21,http://www.cannon-phillips.net/,Practice adult century head play financial name.,686181,45887,3389
138,Instagram,2025-06-10,https://www.mccormick-lamb.info/,Because collection traditional tax see strong.,285262,27989,3499
988,Twitter,2025-05-30,https://rodriguez.info/,Apply ever other sister we feeling.,422858,22031,3482
252,Twitter,2025-06-27,https://www.lawson.com/,Behavior something may himself radio wide even.,157989,33248,2301
458,Twitter,2025-07-08,http://cardenas.org/,Same detail raise lay box again.,14668,14044,3678
739,Instagram,2025-06-21,http://www.ray-rogers.com/,Business scientist again case public.,52154,29887,1656
820,Instagram,2025-06-13,https://lopez.org/,Adult air only notice one experience their.,807202,8651,1933
707,YouTube,2025-06-28,http://avila.com/,Wife left specific somebody environment central summer thousand.,99073,46320,3268
894,Twitter,2025-05-08,https://peterson.net/,Laugh prepare first ok.,65904,21731,1425
350,Twitter,2025-05-07,https://wolf.com/,Bag job east successful book against someone learn.,668570,15757,731
574,Twitter,2025-07-04,http://www.cruz-thomas.net/,Arrive lay support ten line husband measure.,619790,5733,529
541,Facebook,2025-06-01,http://www.mcbride-rice.com/,Activity build fund rest wish very all.,36971,550,4812
190,YouTube,2025-05-22,http://matthews.com/,Article commercial letter move thought.,670663,46949,941
375,Twitter,2025-06-14,http://www.johnson-hudson.net/,Another international remember speech mention activity.,756831,31162,976
717,Twitter,2025-07-09,http://www.morgan.com/,Once stock establish heavy trouble level investment develop.,82169,15055,4321
287,YouTube,2025-06-04,https://www.mills.com/,Significant debate oil everything because fall memory.,63054,23897,808
140,Twitter,2025-05-26,http://www.smith.com/,Guy glass argue sort.,177812,27109,2061
509,YouTube,2025-05-23,http://jenkins.biz/,Ten enough almost.,538431,5833,1723
39,YouTube,2025-07-11,http://martinez.com/,People hear go traditional anyone agree blood.,310287,15511,2419
813,Facebook,2025-05-08,http://www.avery-schmidt.net/,Wait else particularly off wife.,264601,42313,1559
393,Facebook,2025-05-20,https://www.wilkinson.net/,Artist pull national six him if.,135962,36746,1218
533,Instagram,2025-05-29,http://www.brown.com/,Rock total stock style report property describe standard.,270700,12303,2269
554,Facebook,2025-06-30,http://henson.com/,And pay whose plan paper project sound film.,449819,39966,3313
865,Twitter,2025-06-08,https://christensen.biz/,Good concern leg successful race gas other cost.,13090,14068,3432
151,YouTube,2025-04-27,http://www.hudson-martin.com/,Yourself thing probably traditional.,420823,22354,1555
30,Facebook,2025-07-11,http://www.ford-jacobs.com/,Heart boy west property appear.,654715,23369,2085
572,Facebook,2025-05-20,https://miller.com/,How avoid because indeed.,196819,178,1983
205,YouTube,2025-05-14,http://palmer.com/,Suggest art speech.,80455,599,2793
523,Twitter,2025-07-21,http://www.harris-torres.org/,Yes us society nature.,504759,38859,411
275,Instagram,2025-07-21,http://jones.com/,Choose more center rise career hard upon.,94855,10047,3234
738,Twitter,2025-06-29,http://rodriguez.biz/,Education fast down top travel certain he reflect.,180978,17022,87
46,Twitter,2025-05-14,https://bridges.net/,Respond rather success national.,300265,46338,2056
675,Instagram,2025-05-23,http://mercado-molina.com/,Ago great year measure week.,157310,21022,4512
532,Twitter,2025-04-25,http://gill.com/,Song after sport to.,332970,15679,880
885,Instagram,2025-06-19,https://www.rodriguez-alexander.com/,Different understand Mrs standard land.,169733,35368,4152
798,Twitter,2025-05-10,http://wheeler.com/,Court daughter drug prove to.,71318,3624,459
487,Instagram,2025-05-25,http://www.hudson.com/,Pattern theory if spend so child bank.,490588,22982,1597
77,YouTube,2025-05-21,https://herrera-little.com/,Development past base man fire indicate would himself.,5594,44891,4740
611,Facebook,2025-07-20,https://allen.com/,Spend push my respond.,1969,27685,795
717,Twitter,2025-05-28,https://brown.info/,Market organization lay above thousand force.,329172,46137,1075
338,Twitter,2025-06-11,http://weiss.com/,Certain table past culture.,15056,10713,746
83,Instagram,2025-05-04,https://chavez-phillips.com/,Believe final community stage hundred travel.,6381,20124,1389
605,YouTube,2025-05-03,http://zhang.com/,Paper boy thus agree light thus none learn.,717147,35625,1061
983,YouTube,2025-05-25,http://olsen.org/,Opportunity within church.,88658,21142,368
142,Twitter,2025-05-29,http://www.snyder.biz/,Land discuss want cause alone chance Mr.,6880,31745,1735
836,Facebook,2025-05-18,http://www.williams-roberts.info/,Avoid near plan foot.,368173,27464,1508
631,YouTube,2025-06-02,https://www.long.com/,Budget trouble study their easy.,269819,29903,4343
983,YouTube,2025-06-22,https://johnson.org/,Property sure think help.,225638,3885,184
950,Twitter,2025-07-04,https://www.jones-guerra.com/,Now theory business.,93861,47786,4181
474,Twitter,2025-06-26,http://chambers-lynch.biz/,Down certainly lay dinner executive use energy.,425087,15042,4791
743,Twitter,2025-07-01,http://www.davis.org/,True face good eye behind together growth.,809091,21499,1848
759,Twitter,2025-07-03,http://www.rowland.info/,Beyond onto team heavy onto she.,339081,20490,310
175,YouTube,2025-07-14,https://www.rodgers-young.com/,Manage know throw.,46488,260,1572
872,Twitter,2025-05-06,http://garrison.org/,Floor guy pretty surface watch.,754598,3334,2939
709,Twitter,2025-05-18,https://hall-frank.com/,Resource young simply assume major.,28882,28936,4664
1,Facebook,2025-06-14,https://lopez.com/,Stock fight remain.,92924,22320,1140
874,YouTube,2025-06-03,http://wright-solis.com/,Minute upon catch despite bag idea people.,327143,27502,1018
781,Facebook,2025-07-04,http://wells.com/,Mission according PM night.,491689,46196,812
226,Twitter,2025-05-15,http://www.butler.com/,Interview of state.,471510,14093,2707
976,Instagram,2025-07-07,https://meadows.info/,View opportunity in middle agency.,202361,12141,1414
720,Facebook,2025-07-11,https://www.stevens-baker.com/,Parent inside ready minute.,46166,6726,4473
570,YouTube,2025-04-26,http://www.sanford-gibson.com/,Defense why box a suggest.,668036,12619,1694
928,Twitter,2025-05-17,http://www.johnson-burton.net/,Game will friend bank.,359772,11469,2824
922,Facebook,2025-05-10,http://www.mcdonald.com/,Development consider hot value skin.,209923,33187,2487
230,Facebook,2025-07-07,http://www.smith-moore.org/,Allow artist direction environmental detail boy.,255012,16893,3521
839,YouTube,2025-04-29,http://morris.com/,From total person born learn.,20548,35417,785
192,Facebook,2025-06-13,http://www.clay-kline.biz/,President wind husband it.,798104,27677,3931
997,Twitter,2025-05-21,https://www.ramos.info/,Certainly generation hot week thing board control.,604208,22003,1655
198,YouTube,2025-05-15,https://kennedy.info/,All relate trial west personal growth else far.,155239,36463,1903
904,Twitter,2025-05-06,http://www.mueller.com/,Run season sure.,691757,44169,3474
246,Twitter,2025-06-30,http://miranda-thornton.com/,Year song maintain research door again eight likely.,689303,45911,3009
511,Twitter,2025-05-18,http://smith.com/,Business trouble example.,68372,39695,1757
990,Facebook,2025-06-03,http://www.becker-manning.com/,Carry listen model health find.,10105,27646,656
716,Instagram,2025-05-02,http://burton-lopez.info/,Paper film team responsibility western enough grow.,116874,17150,1933
489,Twitter,2025-07-15,http://www.benson.com/,Where according do.,420948,21953,584
207,Instagram,2025-05-16,http://sims.biz/,Answer next top.,119162,2689,3741
720,Facebook,2025-06-12,https://navarro-davis.org/,Letter forward man general station.,231558,16367,67
490,Facebook,2025-05-31,https://www.pearson.com/,Yet for available floor.,801535,45196,3960
386,Instagram,2025-06-04,http://www.short.com/,Trial red miss investment measure still value.,697996,5836,1997
281,Twitter,2025-05-27,https://www.porter.com/,Can Democrat policy factor red political new.,214881,19340,4049
38,Twitter,2025-07-09,http://alexander.biz/,Miss do look gun place.,119921,19418,3252
165,Facebook,2025-05-14,http://www.lyons-blake.org/,Stuff risk deal billion.,354221,26434,1101
627,Instagram,2025-05-08,http://www.becker.com/,South close real forget daughter language less.,268307,48965,2695
742,YouTube,2025-05-18,https://www.quinn.info/,Determine state region admit model set teacher.,67983,17724,3342
630,YouTube,2025-05-29,http://parrish-foster.com/,Idea capital must do significant although view.,24352,44479,2612
976,Instagram,2025-06-14,https://foster.org/,Pressure two be account near skin.,80465,33312,3475
520,Instagram,2025-07-19,http://bell.com/,Tree anything west cause force.,178035,33631,2837
266,Twitter,2025-05-28,https://woods.com/,Sort source community right war.,216446,4646,3443
200,Twitter,2025-04-27,http://www.garcia.org/,Director laugh finally behind entire ten country.,432339,37656,3636
464,Instagram,2025-05-06,http://wilson-lee.com/,Account lot born society sea them.,115244,13206,4868
224,Facebook,2025-05-25,http://mitchell.com/,Fine consumer whom.,714242,46975,3130
829,Facebook,2025-07-11,https://www.brewer.com/,Most majority image stay.,316518,18487,660
190,YouTube,2025-07-12,http://alvarez.biz/,Other cost matter girl store share add.,681094,32014,3504
149,Instagram,2025-05-26,http://lee.biz/,Threat condition point may.,158386,19653,2681
386,Instagram,2025-07-05,http://hess.com/,Reach financial clearly rich resource sense new.,531249,18998,686
88,Twitter,2025-06-13,https://clark-caldwell.biz/,Financial support pay theory training public.,144268,540,4733
335,Twitter,2025-06-25,http://murphy.com/,Eye night middle.,86623,14006,4230
598,Instagram,2025-05-07,http://cooper.info/,Seven result same no he artist.,944415,43921,4186
432,Twitter,2025-07-17,http://davenport.com/,Base per claim run.,171577,45493,4669
353,Twitter,2025-07-11,https://www.taylor.com/,Sense product Congress sound make.,117874,5782,465
662,Facebook,2025-07-14,http://page-alvarez.com/,Single term return follow.,116151,16410,3411
447,Twitter,2025-07-05,https://www.cook.com/,Ten east expect radio.,10305,46294,174
118,YouTube,2025-06-15,https://www.black.com/,Radio remember case government education research yes wrong.,7808,40457,726
302,Twitter,2025-06-18,https://robinson-woods.com/,Wife carry eye else anything enjoy bad together.,533009,49194,406
797,Instagram,2025-07-20,http://shea.org/,Almost partner enter sell usually read.,14856,25176,4350
844,Instagram,2025-05-05,http://hernandez-coleman.info/,Couple state themselves Mrs to night.,344754,29021,4315
614,Twitter,2025-04-29,http://gill.com/,Rather still exist Mr do myself.,30926,17195,2468
1000,Instagram,2025-07-12,http://horton.net/,Change region teach many cell.,70938,33520,4933
369,YouTube,2025-05-21,http://rivera.org/,Market last like instead source past.,719511,5616,2361
202,Instagram,2025-05-31,http://mcintosh.com/,Indicate bar plan writer west organization.,64910,44546,2875
711,YouTube,2025-06-03,https://chapman-combs.org/,See agreement reach couple use factor.,713940,15040,4329
315,Facebook,2025-06-23,https://www.nguyen-hudson.com/,Gas than computer which.,685168,45144,4623
971,YouTube,2025-05-09,https://www.hernandez.net/,Dream once together time officer bill.,215194,44812,4679
953,Instagram,2025-07-17,http://www.cole.info/,Before leave child eight not half usually.,172640,45006,3924
884,YouTube,2025-06-16,http://www.gay-holt.biz/,Artist just example.,563389,12423,1259
180,Facebook,2025-04-26,https://www.hall.com/,Speech stage state help travel.,499357,17590,1143
593,Twitter,2025-05-20,https://johnson.com/,Face require energy soldier significant could.,11285,4716,4287
819,Facebook,2025-05-12,https://guerra.net/,Course daughter entire else.,471278,36066,2434
629,Twitter,2025-05-29,https://www.huffman.com/,Hot citizen behavior evening fear professional.,188563,42178,3855
867,YouTube,2025-06-09,http://www.wiggins.com/,Rest degree other meeting improve.,97485,17276,3964
629,Twitter,2025-07-17,http://anderson.com/,Nearly son design easy my three beyond share.,25517,25810,1963
813,Facebook,2025-07-13,https://hart-burns.biz/,Player college above amount place office.,398482,11047,4791
489,Twitter,2025-05-29,http://www.compton.com/,Mother many Democrat fish.,483767,15487,1265
876,Facebook,2025-06-01,https://johnson-james.com/,Because soon without hold admit should already every.,84221,2911,1882
141,Facebook,2025-06-19,https://owens-pierce.com/,Region whose same best.,383588,33484,4749
843,YouTube,2025-07-02,http://www.owens.org/,Fill police specific rate practice approach lot of.,49493,2177,575
809,Instagram,2025-06-14,https://www.jones.com/,Conference it Mr appear away focus.,576698,4255,75
385,YouTube,2025-05-28,http://ruiz.com/,Story opportunity board force tonight majority sell.,167108,42969,2669
591,YouTube,2025-07-18,http://abbott-watkins.org/,Whether myself get gas threat provide security inside.,508045,41213,487
840,Facebook,2025-06-15,http://www.armstrong-buchanan.net/,Cause camera law natural.,695077,1983,244
51,Instagram,2025-06-14,http://www.freeman-gross.org/,Effort ground Mrs yet change song hundred land.,201760,6725,4375
867,YouTube,2025-06-27,http://www.duran.biz/,Teach admit remember image oil recognize military.,31072,34267,2604
853,Twitter,2025-06-28,https://www.martin.com/,Particular happy catch deal tree.,362817,26622,1820
503,Facebook,2025-07-20,https://www.olson-mcknight.biz/,Market training gas fall radio.,243613,17797,3452
747,YouTube,2025-07-21,http://aguilar.com/,Professional believe in usually side.,21934,20128,524
14,YouTube,2025-06-17,https://dunn.net/,Important involve type hot remain institution tend.,114007,11113,2177
373,Facebook,2025-05-28,https://barnes-simmons.biz/,Top seven record present pattern.,77233,6624,2106
73,Twitter,2025-06-06,http://www.murray-hamilton.net/,Down baby black.,369259,4751,4025
658,YouTube,2025-06-09,http://walker.info/,Around our prevent hard enough.,264880,3440,4606
616,Instagram,2025-05-10,https://howard.com/,Newspaper similar one instead feel despite drug.,480614,40742,4288
703,YouTube,2025-05-05,https://www.campbell.net/,Conference community service which seek often president.,199718,6654,314
932,Twitter,2025-05-21,http://www.briggs.com/,Wait interest strong two myself.,362498,34213,4251
292,Instagram,2025-06-11,https://www.morris.com/,Member consider outside leave past before forget.,52465,45388,4614
739,Instagram,2025-06-27,http://ramirez-miller.com/,Trip clear become best painting kid series school.,56741,19454,4572
256,Twitter,2025-07-15,https://brooks-sanchez.com/,Interview other fall main how already.,185823,22714,1657
957,YouTube,2025-05-12,https://www.carey.info/,Different news little research front century effort.,68959,27088,1518
858,YouTube,2025-07-02,https://stone.info/,Hotel future explain.,63172,39570,1523
40,Twitter,2025-07-05,http://www.freeman.com/,Turn little ten life so responsibility place.,940347,16225,1990
128,Twitter,2025-04-26,https://www.miranda.com/,Stock finally easy.,474124,42908,1514
446,Twitter,2025-05-21,https://www.johnson.org/,Fine blood daughter short mean staff.,17068,14337,3876
545,YouTube,2025-04-24,http://www.valencia-nguyen.com/,Form develop give heart since.,440766,30349,4917
113,Facebook,2025-06-10,https://www.hernandez-blair.org/,Stock hour hope.,392682,27841,934
764,Facebook,2025-07-14,https://www.morris.com/,Rule work level use like.,198711,41461,507
840,Facebook,2025-07-15,http://thompson.biz/,Moment arm case life goal decision world stay.,36830,29942,4390
14,YouTube,2025-05-24,https://www.mcgrath.com/,Lawyer international another effort adult treat.,120332,1111,1728
616,Instagram,2025-05-21,http://morales-moore.com/,Moment major drive during kind me owner.,530442,111,1288
170,YouTube,2025-07-17,https://ruiz.org/,Build bed up person age.,27268,32491,957
780,Instagram,2025-05-26,https://torres.com/,Door those second test model mention doctor.,308766,7225,1573
824,Twitter,2025-05-31,http://irwin.com/,Bar charge coach many.,333699,17725,634
892,Instagram,2025-04-29,https://smith.com/,Audience test still prevent such follow clearly eat.,33523,11113,1539
832,Instagram,2025-07-16,http://glenn.com/,Marriage everything strong then city.,21198,28779,1267
421,Instagram,2025-05-08,http://www.duffy.com/,Just hear friend only fire long.,196564,48342,381
670,Instagram,2025-06-08,https://zimmerman.com/,To act risk which popular.,155644,36644,3975
663,Twitter,2025-05-15,http://warner.com/,Finish assume continue Mr.,82934,16747,1366
874,YouTube,2025-05-11,https://graham.com/,Should customer land Mrs.,367247,25038,2394
761,Facebook,2025-05-01,http://www.crawford.org/,Debate another wear others begin animal positive.,67208,18543,972
409,Facebook,2025-06-06,http://perez.com/,Personal any travel.,277028,315,2849
677,Instagram,2025-05-26,http://brown.com/,Man prove page popular could particularly visit.,155597,47581,2299
720,Facebook,2025-07-01,https://www.hall.biz/,Week subject right police artist popular suddenly.,194382,45924,3077
634,YouTube,2025-05-07,https://www.williamson-may.biz/,Study set fine beat according.,32135,4404,1392
388,Instagram,2025-05-29,http://phillips-woodward.com/,Day stand wonder.,41686,18787,1075
328,Facebook,2025-05-15,https://smith-clark.com/,Save accept house he attack serious great civil.,38549,32058,2497
413,Twitter,2025-06-09,http://www.spencer.com/,Approach rate game environment.,120650,45959,3906
934,YouTube,2025-06-26,https://www.porter.info/,Soldier candidate hair she per arm clear.,33937,49343,1996
102,Twitter,2025-04-23,https://miranda-deleon.com/,Allow training such treatment sit.,459387,11944,1879
15,Instagram,2025-05-25,https://www.kim.com/,Task prevent surface base.,188292,4843,4514
87,Twitter,2025-04-24,http://davis-james.com/,Thousand anyone voice especially feeling.,330405,37596,1013
750,Instagram,2025-07-18,http://www.thompson-cantrell.biz/,Sell two most create.,358075,46075,3808
749,Facebook,2025-07-17,http://www.cook-cooley.com/,Gun artist skill town member history production.,196866,13012,4780
724,Instagram,2025-05-09,http://taylor.org/,Attorney financial theory administration trial.,232211,36304,2089
124,Facebook,2025-07-05,https://www.bishop.org/,Leg through ten plan movement.,88921,7894,2125
116,Twitter,2025-05-23,http://osborn.com/,Drop until threat growth.,375512,8653,454
99,Instagram,2025-06-09,https://www.reid.com/,Information take toward kitchen.,24162,7752,4639
304,Instagram,2025-06-25,http://fox.biz/,Feeling reveal meeting street performance paper avoid.,139241,4978,4382
563,Twitter,2025-06-16,http://morgan.com/,Sister certain hold nice.,848298,34444,3610
129,YouTube,2025-05-12,https://www.howard.biz/,Morning street marriage.,540154,39709,4307
873,YouTube,2025-07-08,http://www.carey.com/,Finally cultural individual fire source mind.,157938,11767,775
573,Facebook,2025-06-19,https://johnson-perkins.com/,Message likely sometimes end break theory sign support.,330315,35575,1931
424,Instagram,2025-06-12,https://baldwin.com/,Begin work avoid why task.,527105,47374,1139
778,Facebook,2025-06-08,https://www.lee-rose.com/,Large boy pass skin whose whose wish play.,32627,12009,3159
115,Facebook,2025-06-09,http://www.dunn.com/,Today field executive image next break news.,111946,43761,3983
652,Instagram,2025-07-17,https://www.boyd-henry.com/,Sign east really collection step second.,714116,20135,4011
306,Facebook,2025-05-05,https://jennings.com/,Evidence body thought financial role simply police this.,72597,48576,4759
216,Twitter,2025-06-19,http://www.jarvis.com/,Meet clearly cost total.,758283,26550,3490
534,Facebook,2025-05-18,https://nguyen-jones.com/,Test around morning society rock share.,193276,49890,600
399,Twitter,2025-05-05,http://mendoza.com/,State beat stand house open heart whole majority.,10010,12786,1971
583,Facebook,2025-06-12,https://www.torres-martinez.org/,Change table local area.,26497,13357,1763
302,Twitter,2025-05-05,http://miller.org/,Enter party weight friend total least.,9182,14673,593
427,Facebook,2025-07-08,https://yu-thompson.com/,Possible she exist reflect far sport.,138699,9252,2456
564,Instagram,2025-05-24,http://www.daniels.com/,Suggest send baby attack treat face.,62769,9354,4174
876,Facebook,2025-06-04,https://cox.com/,Job first answer audience teacher me author.,48992,24618,3165
154,YouTube,2025-06-20,https://mccormick.org/,After recently east imagine green environmental general.,127930,37849,676
98,Instagram,2025-04-23,https://www.white.com/,Even agent here theory most ground.,77006,1135,3247
546,Facebook,2025-07-04,http://www.rodriguez-jordan.org/,Those whether skin ability building.,171931,6397,3879
91,Twitter,2025-05-13,http://www.turner-davis.com/,Discussion bring space become order color low.,326026,33748,710
318,YouTube,2025-07-15,https://boyd.com/,Nice political style better on image detail.,239467,39485,1781
624,Instagram,2025-05-22,http://anderson.com/,Generation music bad.,556631,4940,239
716,Instagram,2025-06-14,https://montoya.biz/,Woman they hold grow other sign trial.,159537,39236,1239
680,Instagram,2025-07-18,https://evans.com/,Sell interesting beyond election image professional program.,1460,47173,4071
868,Twitter,2025-04-30,http://edwards-williams.net/,Article sound local development morning.,148420,35535,3411
542,Facebook,2025-05-05,https://baker.com/,Citizen agent can sound reason sell arrive.,285621,24621,1903
428,Facebook,2025-05-04,http://www.zuniga.com/,Suddenly admit between task question deal.,412035,18960,3276
2,Instagram,2025-07-12,http://www.christian.com/,Per its study everything health share.,480785,22833,1716
896,Twitter,2025-05-20,http://west.net/,Television rise today but.,323596,5900,986
476,YouTube,2025-05-03,https://lowery.com/,Set true government.,794515,9701,266
759,Twitter,2025-05-07,https://porter-harris.net/,Develop in training voice same fill little.,412149,41477,4185
488,Facebook,2025-05-13,https://morgan.com/,American guess find certainly.,109327,24326,426
816,Facebook,2025-07-03,https://rivera-kane.com/,Need purpose staff nor.,487759,16336,1867
483,YouTube,2025-05-17,http://www.york-juarez.com/,Seven last reveal indeed.,697685,19892,2048
438,Facebook,2025-07-04,https://www.johnson-mendez.org/,This painting wear kind idea here.,665675,30734,996
935,Facebook,2025-06-16,https://evans.biz/,Look feeling commercial detail.,64420,36432,3051
154,YouTube,2025-07-02,http://gray.net/,Need rate example through glass pull memory.,15859,27638,2557
453,Instagram,2025-05-09,http://www.mosley.com/,Seven evening he work throw industry spring.,58517,26893,926
352,YouTube,2025-04-28,http://wells.com/,Model yes ever take difference behind.,493387,237,1579
84,Instagram,2025-06-08,http://little.org/,Course wait reach them significant them.,415270,12451,2359
349,Facebook,2025-05-23,https://www.thomas.com/,Product still scientist recent.,702381,12791,1251
316,Instagram,2025-06-19,http://www.schaefer-clayton.biz/,Task different fire.,476928,35283,586
564,Instagram,2025-04-23,https://www.herrera.org/,Morning three military may model modern relate.,756614,14360,4311
5,Twitter,2025-06-18,http://clark.com/,Talk contain nature reach state owner because.,18103,31468,2332
892,Instagram,2025-04-25,https://www.stevenson-torres.com/,Parent hundred likely area question field.,278056,1428,4934
421,Instagram,2025-06-23,http://miller.com/,Table section player thousand win amount.,449749,9701,2834
336,Instagram,2025-07-19,http://www.johnson.biz/,Political face training part bag perform.,140531,22870,4621
210,Instagram,2025-07-10,http://www.molina.com/,Cover small past.,132911,30225,2775
406,Instagram,2025-05-20,http://www.hicks.biz/,Serious particular crime price account technology buy amount.,752554,26079,3919
142,Twitter,2025-04-26,https://gibbs.com/,Never bring situation take fight.,8196,14936,3708
667,Twitter,2025-05-29,https://henderson.com/,Type condition that recent.,494771,29857,1482
199,Facebook,2025-06-22,https://www.brown.com/,Skill green memory political single oil summer court.,16408,43189,398
615,YouTube,2025-07-19,https://porter-huang.com/,Have ok tell issue.,615545,36702,1283
879,Facebook,2025-04-27,http://coleman.org/,Fast positive agreement month.,207911,44326,340
394,Instagram,2025-06-25,https://www.patrick-jones.com/,Pull citizen American cultural effect.,60157,36037,2137
885,Instagram,2025-05-20,http://martinez.com/,Possible group my great sound happen need unit.,132609,37472,1399
508,YouTube,2025-07-05,https://calhoun-atkins.net/,From night hundred husband.,12600,8442,4827
695,Twitter,2025-07-07,http://brown.org/,Federal talk middle without believe under main long.,412034,28941,117
537,Instagram,2025-06-12,https://booth-thomas.com/,Line firm Mrs production exactly deal.,77460,43490,4703
619,YouTube,2025-05-11,http://ferguson.biz/,Citizen me table happy short ten.,236603,45730,171
453,Instagram,2025-05-16,http://www.diaz-cole.com/,Bad stop professor today build thousand.,149148,11643,781
74,Facebook,2025-07-17,http://thompson.com/,Relationship true attack bed second why.,45722,13208,1417
628,Facebook,2025-05-06,https://wells-turner.biz/,Happen much born reveal.,231085,9557,321
791,Instagram,2025-05-26,http://www.goodwin.com/,Responsibility discussion clear bad Republican public.,83638,28406,3550
723,Facebook,2025-07-18,https://www.austin-house.com/,Create season town determine.,388911,28016,1646
863,Instagram,2025-05-21,http://www.jones.com/,Daughter specific great event.,205047,667,1647
703,YouTube,2025-05-21,http://everett.com/,Beautiful your side growth today.,600461,39552,572
555,Facebook,2025-05-25,http://www.smith-smith.biz/,Sign like media together add sound.,335504,31172,2716
950,Twitter,2025-06-12,https://www.rodriguez.com/,Development safe event never according mission appear.,191402,42569,703
234,Twitter,2025-05-27,https://www.russell.com/,Star commercial rich state point.,116962,38831,2088
162,Facebook,2025-05-24,https://good.net/,Up go probably look part successful miss.,397513,8275,942
562,Twitter,2025-04-28,http://www.hill.org/,Else guess chair by thousand.,51294,16363,3873
279,Facebook,2025-06-10,http://www.day.info/,Risk around especially early road.,283463,38439,3471
126,Twitter,2025-05-08,http://www.gillespie.com/,Something Mr boy matter heavy white wind job.,552588,29875,3771
402,Facebook,2025-05-19,http://chavez.biz/,Beyond child sing table message catch.,336373,35969,2053
618,Instagram,2025-07-18,https://www.huerta.com/,Successful group culture draw within nor something.,51646,33596,185
612,YouTube,2025-06-01,https://walker.com/,Hundred last both debate themselves position.,119182,36794,4194
648,Facebook,2025-06-08,https://odom-delgado.biz/,Move free information help store study relationship.,414187,24822,3096
30,Facebook,2025-05-07,https://mcbride-henry.com/,Sometimes close cause long long traditional just.,512139,20653,3488
905,YouTube,2025-05-04,http://www.rodriguez.com/,Small maintain ready show.,43172,29027,2423
174,Twitter,2025-06-07,https://www.green-castro.com/,Direction trial truth wife indicate message.,138410,44034,4651
429,Instagram,2025-07-21,https://herring.com/,Turn ask many response view.,88514,23508,1861
354,Facebook,2025-06-16,http://www.poole-carter.com/,Last science avoid among body response show large.,60552,47961,1368
152,YouTube,2025-06-17,https://www.rivera.com/,Good whom everybody list writer purpose.,626220,21922,2336
152,YouTube,2025-07-18,http://www.silva.com/,Amount house offer child.,393677,27785,2897
729,Twitter,2025-06-27,https://www.smith.com/,Blue despite actually action life wonder.,454864,32949,547
226,Twitter,2025-06-03,http://pham.net/,College woman so what write eye manage.,681849,32832,3754
942,YouTube,2025-06-17,https://bishop.net/,Development right prove research.,276917,7655,3521
397,Twitter,2025-06-07,http://www.bowman.com/,Character better other myself.,19051,13642,1493
194,Instagram,2025-06-16,https://harris-briggs.org/,Pressure later smile color.,41033,19909,1628
363,Twitter,2025-05-01,https://allen.com/,Room house art design eye.,165700,48851,3256
947,Twitter,2025-07-10,http://www.pratt-cook.org/,Their share other team.,606798,26048,4900
367,Facebook,2025-07-12,http://flynn.com/,Turn born she behavior.,10721,20767,264
737,Twitter,2025-04-25,http://mcintosh.org/,Check treatment building green.,336004,37708,1084
454,YouTube,2025-07-15,https://www.barnett.com/,Key memory like important.,349369,45578,104
812,Instagram,2025-07-10,https://www.moreno-shields.com/,Discussion official skin second opportunity.,118757,16173,4558
808,Facebook,2025-06-18,http://baker.net/,Country sign spend artist firm.,404612,16205,299
194,Instagram,2025-07-18,http://campbell-hernandez.info/,Really cup apply player country rule perform production.,55034,20903,2273
611,Facebook,2025-07-07,https://www.smith.biz/,Someone position degree international.,2923,48760,1454
121,Twitter,2025-05-09,http://www.fields-bryan.com/,Clearly think reflect myself memory.,233850,28368,1180
207,Instagram,2025-04-30,http://www.rodriguez.com/,Fire wife smile avoid meet.,6938,35717,4960
60,Facebook,2025-06-27,https://www.ray.com/,Question recognize group.,335076,18190,4375
392,Instagram,2025-05-12,https://www.jordan.biz/,Step bar seek mission.,112733,2654,4109
898,Twitter,2025-06-09,http://anthony.net/,Structure effort grow western.,317313,31459,4442
432,Twitter,2025-06-28,http://spence.com/,Deal message Mr both sister down.,1691,24503,1536
277,Instagram,2025-07-15,https://www.chambers-ross.info/,See article new situation letter admit.,182444,20180,3551
856,Instagram,2025-06-10,http://www.moody-jones.net/,Front easy off.,982496,5244,2151
790,YouTube,2025-06-28,https://jackson.com/,Fly item little risk admit.,801312,4819,2859
30,Facebook,2025-06-02,http://fischer.com/,Reality talk receive Democrat prevent see.,635582,14228,1418
705,Twitter,2025-05-21,https://www.stewart.com/,Race without analysis should determine generation tax.,368141,31989,3478
804,Facebook,2025-05-18,http://www.thomas.info/,Group determine best number herself state employee.,87226,16467,1771
727,Twitter,2025-05-06,https://cross.com/,Image people whole center chair.,261494,48018,3744
625,Instagram,2025-05-14,http://www.fleming.info/,Reveal thousand case almost.,35005,22047,1683
874,YouTube,2025-05-05,http://patterson.com/,View catch contain father Congress.,494644,15008,1923
148,Facebook,2025-05-07,http://www.moore-price.com/,Laugh energy product once your.,669609,9948,4087
785,Instagram,2025-06-11,http://www.bishop.com/,Mr five tough design stuff production deal.,191291,20884,2546
438,Facebook,2025-05-31,https://hart-carson.info/,Issue student candidate structure.,778263,29114,4713
178,YouTube,2025-07-19,http://www.jordan.com/,Indicate scene provide west.,46004,15165,935
394,Instagram,2025-06-30,http://www.davis-wright.com/,Operation understand seat like law hear service.,268979,11633,946
465,Twitter,2025-05-16,https://burke.org/,Along chance matter get Congress church meet.,485064,1725,4672
563,Twitter,2025-06-19,https://www.knox.com/,Major data response pattern suggest office point travel.,297599,37357,2271
5,Twitter,2025-07-10,https://www.cantu-campbell.biz/,Everybody point yourself yeah line single.,14956,28795,1766
246,Twitter,2025-06-24,https://www.lewis.net/,Partner situation couple anyone drug.,283975,4357,3492
502,Twitter,2025-06-15,https://conner-gonzalez.org/,Owner condition image wide thought attack building.,416204,3309,1624
493,YouTube,2025-06-01,http://www.carey.net/,Across find voice world never southern.,557316,25127,1991
467,Facebook,2025-05-20,http://www.hutchinson.org/,Agent true entire chance necessary instead.,775752,44817,1490
416,YouTube,2025-06-15,https://howard.com/,Job alone forget do.,26687,40370,1708
195,Instagram,2025-05-23,http://brown.org/,Work different yeah education.,84422,5514,1633
232,Facebook,2025-07-08,https://donovan.com/,Weight she perhaps also bill onto.,239110,11819,3973
476,YouTube,2025-06-09,https://kane-thomas.net/,Family hot she something.,92148,42017,1109
954,Facebook,2025-05-25,https://www.blake.com/,Cause really something arm event fall article.,264694,14176,1868
896,Twitter,2025-05-08,http://www.davis-walters.info/,Indeed music Mr stage analysis hair pass next.,93761,12462,3350
16,Twitter,2025-06-01,http://morgan-tate.org/,Person when certainly him act occur peace.,100736,46929,3569
73,Twitter,2025-05-19,https://williams.com/,Common way pull forget real account probably.,374180,48814,2262
602,Facebook,2025-06-02,http://www.henderson.net/,Somebody lay PM campaign establish.,414100,5155,768
565,Facebook,2025-06-28,https://www.meadows-burch.info/,Marriage image experience unit history.,174268,5919,1926
937,YouTube,2025-05-12,http://hodges-rodriguez.com/,Surface ask material member matter fact age.,242807,38278,198
831,Facebook,2025-06-20,http://www.fisher.com/,Best example city will force.,258572,8136,542
832,Instagram,2025-07-15,https://rodriguez-skinner.com/,Myself over cut fast here yard.,50063,39201,2343
663,Twitter,2025-06-10,https://richardson.com/,Recent already avoid science.,592437,1945,2137
496,YouTube,2025-05-19,http://www.mendoza.com/,Job machine always they left whether something.,461791,42526,95
639,Twitter,2025-06-27,http://smith-howell.com/,Politics have enjoy election what.,722877,14698,257
600,Facebook,2025-07-04,https://www.lee.com/,Certainly care design dream.,287495,10930,2199
750,Instagram,2025-06-09,http://www.moore.info/,Should dog among center thing.,64217,7744,2492
752,Facebook,2025-05-02,http://www.mosley-franklin.org/,Chair ok cause foot fire far although.,62022,33228,3815
641,Instagram,2025-05-14,http://www.washington-ramirez.biz/,Their party anyone thought.,33824,44353,3397
167,Facebook,2025-05-18,https://harmon-singleton.org/,Remember meet lay into.,391095,46321,4090
55,Facebook,2025-07-14,http://watson.biz/,Pick food than thank their.,388709,1275,4683
892,Instagram,2025-04-27,https://porter.com/,Change security member half.,299584,12089,2854
557,YouTube,2025-05-20,https://walker-gray.net/,Really quite here also hundred pretty find anything.,267446,1995,1768
50,Instagram,2025-05-20,https://www.harrison-rogers.com/,Not turn family over.,54437,46480,3514
823,YouTube,2025-07-02,https://lawson-hill.com/,Time recently tell open.,575647,26886,1609
972,YouTube,2025-05-27,http://morris-fletcher.info/,Page myself degree under event.,102510,5600,2410
373,Facebook,2025-06-09,http://watson.biz/,Card industry cover next food cut.,58462,32320,1670
151,YouTube,2025-07-13,http://www.ramirez.org/,Explain similar on claim of.,452114,28082,3523
424,Instagram,2025-05-27,http://miller.com/,Let well receive foreign eye everything science shake.,98914,6063,2167
70,Instagram,2025-06-19,https://white.com/,Heavy radio store these old adult when.,130785,41596,1018
419,YouTube,2025-07-17,https://dunn-johnson.biz/,Paper young character maybe fire whole development.,217963,3230,4148
28,YouTube,2025-06-15,http://www.walton.info/,Present policy exist sell standard.,115499,46303,321
646,Instagram,2025-07-12,http://torres.com/,Support moment others car really land question.,93182,35992,788
439,YouTube,2025-07-02,http://fisher.com/,Huge world herself buy.,277948,36910,2110
150,Facebook,2025-07-18,https://castro-tran.info/,Gun ever kitchen so or measure.,13676,2032,858
76,Facebook,2025-07-08,http://boyd.com/,Admit hundred between fly event traditional.,225344,41864,768
355,Twitter,2025-07-03,http://gonzalez.com/,Under trial star.,189718,27671,517
487,Instagram,2025-06-29,http://jordan-michael.com/,Easy high understand choose major anyone of.,885578,3456,4630
68,Twitter,2025-05-11,https://www.church.com/,Toward military especially hotel.,538283,23953,104
697,Facebook,2025-06-25,https://brown-munoz.com/,No only throughout arm.,164100,17573,1002
663,Twitter,2025-04-27,https://www.calderon.com/,Language apply particularly government.,431162,32067,3481
36,YouTube,2025-04-24,http://baker.com/,Conference opportunity risk.,72159,2490,3364
750,Instagram,2025-05-31,https://merritt.com/,Above season hair none act difficult Mr realize.,54328,10582,4641
326,YouTube,2025-04-28,https://west.org/,Positive up whose baby responsibility.,98425,33098,4823
339,Twitter,2025-05-31,https://perry.info/,Scene it if reason.,388365,36752,2410
246,Twitter,2025-05-05,https://lee.biz/,Hospital hot treatment party phone perform discover.,290334,28124,3396
929,YouTube,2025-06-23,https://www.bradley-lynn.com/,Become establish night policy also boy car blood.,577002,36906,2468
6,Twitter,2025-05-26,http://www.powell.biz/,Beat care three interesting agency.,52182,14886,3547
7,Facebook,2025-05-19,https://davis-ryan.org/,Challenge same thought lose very reveal.,25447,7052,746
519,Twitter,2025-07-10,http://www.sanchez.info/,Tell yes adult one long away ground.,164685,36135,3319
680,Instagram,2025-07-09,https://barnes.net/,Sure step paper itself have.,401706,45986,2113
429,Instagram,2025-06-06,http://morales.com/,Your relate probably station.,432153,17067,3341
595,Instagram,2025-04-26,https://www.jones-becker.com/,Probably political use tax.,166626,8202,2020
707,YouTube,2025-06-15,http://www.davila.info/,Newspaper note still commercial.,895893,2199,838
510,Twitter,2025-06-30,https://www.hutchinson.net/,Deep gun above three both line whole now.,63437,19883,967
829,Facebook,2025-05-07,http://walker.org/,The turn decision there floor look present quickly.,774751,30633,394
882,Twitter,2025-04-23,https://www.stephens.biz/,Radio month economy mother clearly coach.,49244,29573,2687
592,Facebook,2025-05-02,http://guerra-keith.com/,Few save bank discussion learn interest attention.,192488,25317,2120
146,Twitter,2025-06-17,https://griffin-wagner.com/,Single unit teach society.,28269,39253,3514
771,Twitter,2025-07-02,https://www.davis-king.com/,Think community recognize prevent market.,105381,2554,1723
671,Instagram,2025-06-26,http://www.jackson-gill.net/,More meet throughout only heavy couple get inside.,412100,10228,4377
739,Instagram,2025-07-09,https://cooper.com/,Run raise science bank along religious drug bed.,29057,6408,3337
935,Facebook,2025-05-20,https://www.vazquez-petersen.info/,Few free check red like.,43037,32251,4255
60,Facebook,2025-05-31,http://www.moore-haas.com/,Mother specific either half.,463285,32941,2551
575,Instagram,2025-05-29,https://knight.info/,Test institution instead far civil bit.,451892,49877,3136
900,YouTube,2025-07-07,http://hunt.com/,Attack know opportunity.,596910,38670,3368
154,YouTube,2025-05-30,http://keller-murphy.com/,Evening identify street several player.,762060,35146,3180
906,YouTube,2025-07-04,http://stanley.com/,Democratic weight require sort wait.,11006,15218,2162
755,Instagram,2025-05-15,https://crawford-harris.com/,Increase year behind particularly.,60066,5395,3255
500,Twitter,2025-04-30,http://sosa-snyder.com/,Defense magazine trip family.,24387,46175,2364
754,Instagram,2025-06-21,https://www.carlson-cooley.com/,Action line challenge available example color.,460652,16605,148
772,YouTube,2025-06-30,http://www.huff.com/,Tell huge teacher little.,94063,15230,1801
684,Facebook,2025-05-25,https://cruz.net/,Level which detail full.,41351,16378,4515
793,Twitter,2025-07-05,http://brown.com/,Others station must ready view wife.,235524,26077,4118
596,Facebook,2025-06-19,http://shaffer.com/,Item cold give become happen.,212808,11157,3660
319,Instagram,2025-05-06,http://williams-padilla.com/,Exist measure start investment.,13856,18023,2775
512,Twitter,2025-05-22,http://ruiz.com/,For blue marriage.,250987,33425,1573
960,Instagram,2025-06-30,http://www.stewart-booker.com/,Top trip president natural society tax.,56382,9552,1136
36,YouTube,2025-06-03,http://www.allen-choi.com/,Stay out feeling still design how suggest.,72672,22922,698
111,Twitter,2025-05-31,http://novak-townsend.biz/,Card himself current local past government our.,617032,26501,4451
447,Twitter,2025-05-08,https://www.jones.com/,Usually education use window beyond question law.,5000,48397,2436
164,YouTube,2025-06-08,http://www.smith.info/,Program anything exactly line market plan.,44267,7546,2493
152,YouTube,2025-06-11,https://www.davis-hart.com/,Else agency wife win effort everything.,160680,16178,824
477,Facebook,2025-07-02,http://smith.com/,Purpose activity land resource.,752095,30778,3026
267,Twitter,2025-04-27,http://www.ward.com/,Politics out anyone here amount leg.,10626,40194,4677
268,Twitter,2025-05-27,http://howell-wong.com/,Near high quality program resource.,642308,34473,957
6,Twitter,2025-07-19,http://www.price.com/,Where leader enjoy after report policy.,201527,39765,313
695,Twitter,2025-07-17,https://www.davis.info/,Score source interesting later hour source rather.,431540,7078,267
725,YouTube,2025-06-06,https://carter-torres.com/,Physical natural receive establish.,154942,47418,4005
122,Facebook,2025-07-13,https://www.hunt.com/,Include although call kind area.,491840,34780,4829
947,Twitter,2025-06-24,http://yang.biz/,May about which.,226686,19213,1616
733,Facebook,2025-05-29,http://foster-anthony.net/,Whatever few teacher.,392315,6432,2320
336,Instagram,2025-06-15,https://logan.com/,Far old avoid simple animal.,582121,17036,3150
241,Instagram,2025-05-20,http://www.carlson.info/,Style popular southern few mind.,186396,16314,2035
19,Facebook,2025-06-25,http://mclean.net/,Chair condition cultural compare.,10218,31857,3108
18,YouTube,2025-05-13,https://www.gomez.com/,Party marriage generation experience pull road worker scientist.,15915,38474,4878
208,YouTube,2025-07-12,https://www.cruz.org/,Recently season book truth.,210479,36690,559
713,YouTube,2025-04-29,http://taylor.net/,Door society manager author hospital.,215722,28233,2084
216,Twitter,2025-07-19,http://bird.com/,Senior enter do scene former.,626538,37985,2519
328,Facebook,2025-04-27,https://www.kane-lara.info/,Meeting according send almost once notice find.,36245,34940,2229
612,YouTube,2025-05-15,https://lucas-knight.com/,Fact heart after sort moment explain season.,117520,29392,2335
807,Instagram,2025-05-20,http://www.chambers.com/,Will maybe wrong store book treatment.,664469,26015,3835
521,Facebook,2025-06-22,http://ashley.com/,Land air walk school.,78100,15482,4634
985,Facebook,2025-04-25,http://www.peters.org/,Start gas such agreement treat information.,514316,8162,4868
256,Twitter,2025-07-03,http://www.baker.com/,For a newspaper sign myself smile.,391520,31289,2845
939,Instagram,2025-05-18,https://www.ramirez.com/,Item democratic bar modern.,416448,43267,2852
777,Instagram,2025-07-05,http://fernandez.net/,Direction forget window door.,186369,49294,3218
253,YouTube,2025-07-21,http://thompson-shelton.com/,Whole follow pull media reach.,67284,8081,1961
344,Facebook,2025-05-16,http://www.adams.com/,Voice partner every important professional speak.,140350,22253,426
571,YouTube,2025-07-20,https://www.dominguez.biz/,Involve action conference hold trade information close.,243484,29280,4520
919,Facebook,2025-06-21,http://www.williams-parks.biz/,Central sometimes better add nature hair live.,843334,17968,2750
206,Instagram,2025-05-10,https://davis.org/,Father bit me include.,146525,28004,3949
104,YouTube,2025-05-09,http://www.anthony-rose.com/,Major arrive chair bill.,28967,49377,294
553,Facebook,2025-05-31,https://steele.net/,Already year ability expert series explain prevent.,55661,46874,3202
264,Instagram,2025-06-03,http://paul.com/,Opportunity become nice.,133173,33961,4216
438,Facebook,2025-07-06,https://www.mccoy.com/,Turn day image information.,374583,26912,4665
888,Twitter,2025-04-25,https://www.petersen-torres.info/,Peace rich behavior where from.,30469,36743,2658
300,YouTube,2025-06-04,http://savage-davis.com/,Factor sign four once hard catch as.,281953,9816,3590
598,Instagram,2025-05-05,http://www.boone.com/,Court collection eye just.,832578,46901,1249
929,YouTube,2025-04-25,https://grant.com/,Present anyone forget base theory body team as.,222356,33285,2485
12,Twitter,2025-05-05,https://massey.net/,Couple fill pick industry.,40216,42393,3978
564,Instagram,2025-05-22,https://www.arnold-harrell.com/,Respond after create.,332419,7105,1644
439,YouTube,2025-06-17,https://www.walker-nguyen.info/,College shoulder seek together threat reduce check.,173678,1953,2805
531,Facebook,2025-06-16,https://brown-bond.info/,Industry product east article.,129254,13330,932
568,Instagram,2025-07-01,http://www.johnson.com/,East strategy subject audience next choose.,205366,46178,836
425,Twitter,2025-05-06,http://garza.org/,Also art call staff mother method.,15380,25989,2542
314,Twitter,2025-06-03,https://www.lee.com/,Type many table send even contain.,43696,39491,1000
762,Instagram,2025-07-19,http://www.lewis.org/,Sit trial young this help.,368670,27997,124
587,YouTube,2025-06-20,http://www.barrett.com/,These choice kind.,498015,21727,5000
692,Facebook,2025-07-10,https://www.haas.net/,Science against produce bag newspaper.,10578,35373,601
783,Twitter,2025-04-24,http://pena-rush.com/,Kid great friend PM.,17011,46031,1321
156,Facebook,2025-06-21,http://www.peters.org/,Second rich expert recent about standard force.,585486,251,2016
204,Instagram,2025-05-17,https://smith-jarvis.com/,Other human space open perform keep.,90971,25056,609
400,YouTube,2025-07-14,https://www.ross.net/,Guess long food fear officer figure since.,469557,43129,1499
585,YouTube,2025-06-11,https://www.torres-robertson.net/,Piece move company everything culture enough wrong new.,169417,31785,2987
759,Twitter,2025-06-01,http://www.castillo-williams.com/,Hotel sort write painting interest.,592542,48567,2715
741,Twitter,2025-04-29,https://www.dominguez-tapia.biz/,On act positive none remain lead.,231200,48370,2402
931,Twitter,2025-06-04,https://www.mclean-gill.com/,Son lawyer mean spend design.,29455,45232,1433
716,Instagram,2025-05-28,https://santana.com/,Stop alone if rich really.,398997,16123,4760
240,Twitter,2025-05-15,https://lee.com/,Degree tree painting same.,5065,14671,1741
744,Twitter,2025-04-25,https://www.herrera.net/,Produce necessary table to.,30364,32536,441
213,YouTube,2025-05-20,https://www.taylor-greene.org/,Until man record quality street money evening.,178381,17665,3238
103,Instagram,2025-06-20,https://www.kennedy.com/,Message church hear.,370630,9339,2424
211,Instagram,2025-05-10,http://www.harris.com/,Piece stand peace kind support occur entire.,364044,43200,3390
62,YouTube,2025-07-04,https://frank-allen.com/,Rate believe now magazine indicate yeah beyond exactly.,431075,49359,3328
460,Facebook,2025-05-03,https://reyes.com/,Maintain senior magazine large treatment heart.,499060,37091,88
527,YouTube,2025-06-13,http://www.west.com/,Trouble save population lose.,191040,43524,350
355,Twitter,2025-06-08,http://www.park-hurley.net/,Order usually even project degree staff sound.,327046,47362,3535
125,YouTube,2025-06-12,https://ward-rhodes.org/,Factor good among statement prepare both recognize.,58770,22689,999
585,YouTube,2025-07-15,https://johnson.com/,Worker factor partner will PM.,326797,48641,532
523,Twitter,2025-05-28,https://www.russell.com/,Significant after pay recently language.,591973,15962,2934
127,Instagram,2025-07-10,https://wallace.com/,Eight over stand.,46586,37992,1647
264,Instagram,2025-05-22,https://www.drake-ramos.com/,Us true ability close third.,106414,20358,3873
573,Facebook,2025-05-17,https://hanson.com/,Green when list here tough.,333603,40230,2880
744,Twitter,2025-05-15,https://daniels.com/,Several wait product against perhaps.,46300,8606,4387
54,Twitter,2025-07-06,http://salazar.biz/,Lay house not ago somebody society up possible.,515832,12426,2282
222,Twitter,2025-04-29,http://miller.org/,Treatment respond court over tend write weight.,6581,1493,3508
560,YouTube,2025-04-24,http://flores.com/,None data husband employee authority less.,34424,40347,146
430,Facebook,2025-05-03,http://www.rodriguez.biz/,Until mouth white up.,685462,18463,680
324,YouTube,2025-06-12,http://www.alvarez-vance.org/,Degree chair since door foot treat training.,21618,5805,2653
115,Facebook,2025-06-15,http://rivas.net/,Admit idea enjoy car run on single.,66018,33949,1624
273,Twitter,2025-05-04,https://jackson.info/,Control loss lose yard specific matter them.,361308,9713,1873
404,Twitter,2025-04-29,http://www.brooks.com/,Early year follow notice even fact.,8309,8654,4899
67,Instagram,2025-05-27,http://www.park.org/,Support two produce wife.,507903,5164,3501
64,Twitter,2025-05-09,https://white.com/,Effort more cut must executive movie.,60695,12321,158
860,YouTube,2025-05-19,https://www.henderson.com/,Reveal leader measure reality week.,810097,8630,4811
396,Instagram,2025-07-14,http://www.cunningham.com/,Because organization national assume bank.,435594,45421,1906
677,Instagram,2025-05-18,https://www.mathis.org/,Chair generation certainly media.,116856,27728,1027
480,YouTube,2025-04-30,https://graham.com/,Lead sing exist region national change film across.,186186,1392,1036
562,Twitter,2025-05-24,https://www.ward.com/,Century finish long significant personal miss trouble.,8959,47215,2036
141,Facebook,2025-07-04,https://mitchell-ayers.com/,Article before well nature whole second.,437908,12613,4294
321,Twitter,2025-05-24,http://pace-hall.net/,Public course PM shake his international.,624413,43757,2992
546,Facebook,2025-06-04,https://smith.com/,Low road new discover recent customer sport however.,199269,6548,167
79,Twitter,2025-04-23,https://bishop.com/,Talk might manage really marriage race great.,163819,3028,388
492,Instagram,2025-06-08,https://clark.biz/,Traditional up fly threat.,762293,26018,628
253,YouTube,2025-06-04,https://young.com/,Mission firm movement job account.,168078,28231,3531
742,YouTube,2025-07-18,http://simmons-ware.com/,Thing else method discover.,163030,30841,1459
781,Facebook,2025-05-17,http://morales.com/,Who expert week.,971221,30677,296
575,Instagram,2025-07-06,https://www.harris-smith.org/,Food meet son door lawyer the really.,53120,2629,4424
108,YouTube,2025-05-18,https://good-kim.biz/,Its party challenge.,816953,38012,3734
360,Twitter,2025-06-11,https://frederick.com/,Course home never future sister director spring.,170963,45937,2695
340,Twitter,2025-07-21,http://www.higgins-henderson.net/,Answer rate performance sea plant land.,528322,18287,2061
603,Instagram,2025-07-02,http://hicks.com/,Opportunity daughter life stuff single final.,401756,21385,4168
61,Instagram,2025-05-07,https://oneal.com/,Price year detail authority apply to stay.,4088,32833,2224
561,Instagram,2025-07-15,https://www.pratt.com/,Any current these mouth himself manage.,228079,9017,1490
377,YouTube,2025-05-10,http://sanders.net/,Threat accept prevent mother against because school.,480059,1217,595
635,Twitter,2025-07-05,http://www.mckinney-nunez.com/,Task down tonight.,292833,4262,4374
878,Twitter,2025-04-26,http://newton.com/,Situation show enter say fight.,397385,30873,406
558,YouTube,2025-05-26,http://www.mccullough-davis.com/,Safe exactly rest reduce western himself land rest.,793879,13075,739
35,Twitter,2025-07-07,https://frank-johnson.com/,Not region life action trade.,823261,25863,505
161,YouTube,2025-06-01,http://www.taylor.com/,How city quite common deep until continue fund.,193641,40775,3843
984,Facebook,2025-06-21,https://www.harrison.com/,Apply recognize Mr thousand power read yet subject.,46913,37461,3042
967,Twitter,2025-06-21,https://www.bernard.com/,Education seven medical.,209917,2541,4454
482,Twitter,2025-05-07,http://valentine.biz/,Resource blood call stuff skin.,284088,28507,1392
50,Instagram,2025-07-13,https://cox-clark.com/,Mother choice loss form floor writer east.,20164,24990,2957
493,YouTube,2025-06-13,http://jackson-williams.com/,Direction sometimes eat arm station catch southern.,279203,19053,3826
382,Twitter,2025-05-09,https://baker.info/,Apply stop project fine receive thousand their.,237357,47303,148
47,Twitter,2025-06-13,http://www.moss.com/,Nearly soon house current role care.,267692,8131,2954
751,Facebook,2025-04-25,http://smith-alvarez.info/,Action pressure again pull sit challenge guy role.,30284,6455,4652
701,Twitter,2025-04-26,https://www.park-johnson.com/,Financial bed strategy charge war every girl the.,218600,9115,4547
240,Twitter,2025-06-26,http://tyler-anderson.com/,Do station share reduce.,9188,26369,4115
423,Twitter,2025-05-20,http://www.santos.com/,Another stand total cell woman focus.,257127,18135,1439
109,Instagram,2025-06-18,https://www.burton-kane.com/,But card fear weight establish animal.,47641,49631,3180
651,YouTube,2025-07-11,http://www.moore-murphy.com/,Its threat sing they six.,67021,18794,4872
102,Twitter,2025-06-17,http://www.barnes-fitzgerald.net/,Beautiful significant water of.,394165,38513,4095
900,YouTube,2025-05-03,https://www.ferguson.org/,New arrive people within million huge high.,891266,41181,1228
388,Instagram,2025-06-28,https://www.fischer.com/,Something hand husband from raise whatever generation.,590229,43599,2596
987,Twitter,2025-07-19,https://garrett.com/,Expert enjoy standard.,319026,6565,1513
323,Instagram,2025-06-21,http://www.warren-brewer.biz/,Media minute eight.,385997,41245,2011
172,Instagram,2025-05-13,https://www.wilson.com/,Thus four myself increase name should option minute.,354836,40852,642
709,Twitter,2025-06-05,https://jones.com/,Night than collection behavior think if sure full.,32528,7469,1395
38,Twitter,2025-05-25,https://www.moody.com/,Person seek eat down product number lay never.,211132,24945,4976
762,Instagram,2025-07-04,http://www.griffin.com/,Necessary assume success surface first appear.,6406,37360,295
888,Twitter,2025-05-21,http://www.olsen-cooley.com/,Write almost government security goal.,66023,15244,2013
691,Facebook,2025-06-17,https://bishop.com/,Fear place stop produce third development guy.,334931,43893,614
196,Instagram,2025-06-13,https://www.clark.info/,Work board authority ago draw.,162389,45536,4505
970,Facebook,2025-07-12,https://jackson-brown.com/,Itself tonight seven pay material article part.,285930,37569,13
137,Instagram,2025-06-10,https://www.ball.com/,Manage while attorney reduce.,82178,29716,763
710,Twitter,2025-06-09,http://walsh-gibson.com/,Campaign coach growth minute.,542299,39342,4522
951,YouTube,2025-07-02,http://price-johnson.com/,Officer international fear focus.,12650,39185,4570
667,Twitter,2025-05-24,https://www.riggs-sanders.com/,Raise scene modern four enter laugh group beat.,570434,48403,2264
221,Twitter,2025-04-23,http://www.sherman-torres.com/,Who simple daughter mother particular officer expert.,372491,7416,4447
658,YouTube,2025-04-25,https://www.fritz.org/,Be player too.,245716,31159,236
883,YouTube,2025-07-16,https://rodgers-reid.com/,Program product kitchen race help more.,208183,19522,2604
429,Instagram,2025-06-22,http://soto.com/,Not natural several until information stay.,540889,17033,777
568,Instagram,2025-06-17,http://www.torres-baker.biz/,Mind interview feeling citizen.,133507,15247,1586
350,Twitter,2025-05-07,http://schmitt.com/,Draw term recognize action member test three.,743462,12219,1274
454,YouTube,2025-06-29,http://martinez-ballard.info/,Already well second blood pattern.,233782,25983,3696
925,YouTube,2025-05-19,https://www.larson.org/,Win pressure one always drop century yourself.,236291,37032,4438
542,Facebook,2025-06-15,https://cox.com/,Five drive investment owner clearly yes.,188322,13731,1026
843,YouTube,2025-05-01,http://www.williams-walker.com/,Where man close there but maybe price garden.,23901,5754,3674
900,YouTube,2025-06-26,https://smith.com/,Information animal way product.,266485,26620,1881
816,Facebook,2025-07-07,https://turner.org/,Close employee suggest us animal detail than.,192086,44506,2083
284,Facebook,2025-06-09,https://sanders-ortiz.net/,True quite western look.,28920,9898,3253
386,Instagram,2025-07-11,http://www.ramirez.biz/,Civil them society trip recently ever half explain.,419034,23703,673
314,Twitter,2025-06-20,http://terry-rivera.com/,Feeling professional agency decade week seat moment.,97778,44469,3348
383,YouTube,2025-06-24,https://www.mcdonald.biz/,Worker appear bad family sea police.,694050,37372,404
55,Facebook,2025-07-05,https://heath-johnston.org/,Arrive prepare indeed.,703147,31335,24
146,Twitter,2025-06-22,http://www.brown.com/,Become tree camera.,7533,10529,770
940,YouTube,2025-04-29,https://white-lucas.com/,During idea me.,612055,33807,181
270,Instagram,2025-07-06,http://www.salazar.com/,In reality agent get although defense particularly.,316854,9749,1987
199,Facebook,2025-06-29,http://guzman-davis.net/,Wide material reason.,131924,43135,4002
193,Instagram,2025-05-30,https://www.smith.net/,Word grow wind important.,23601,27945,903
504,Facebook,2025-06-26,https://roberts.net/,Something plant house page.,282492,29377,733
659,Instagram,2025-04-23,https://www.larson.com/,Move ground half look minute.,7201,20329,2786
775,Twitter,2025-05-16,http://acosta-woods.com/,Similar hear attention talk.,575225,22034,3399
579,Twitter,2025-05-16,http://www.levine-paul.com/,Husband career current their bank record out dog.,736007,3974,4436
327,Twitter,2025-07-02,https://www.villarreal.com/,Top popular bed let indicate stage approach.,208653,2904,2365
616,Instagram,2025-06-22,http://www.gomez.com/,Nature network prevent.,549694,14077,4048
232,Facebook,2025-05-30,http://www.reed.com/,Condition wall stop five.,93746,21355,2446
533,Instagram,2025-04-26,http://trevino-jackson.net/,Threat despite way eat.,425202,40913,4043
789,Twitter,2025-07-08,https://maldonado.com/,Not anything hospital great even dog policy direction.,609569,41933,1950
270,Instagram,2025-06-30,http://clark.com/,Local message common.,304909,10527,606
160,YouTube,2025-06-23,https://www.hernandez-lawson.com/,Commercial impact per might within window might.,341504,14437,3845
341,Twitter,2025-05-19,https://www.hernandez.com/,Meeting special because for woman school nation.,35722,20978,1858
417,Instagram,2025-05-07,http://chen.com/,Hold occur even.,266195,43428,4771
107,Instagram,2025-05-23,http://www.moore.com/,Land film stand moment bit through.,419964,34655,2688
676,Twitter,2025-05-06,http://anderson.org/,Either race nature time few I.,650214,48243,4612
256,Twitter,2025-07-05,http://tyler.org/,Crime threat somebody staff.,290114,15881,515
189,YouTube,2025-06-20,http://www.carlson-duncan.net/,Local term born.,68400,14699,1889
933,Twitter,2025-05-14,https://www.ruiz.com/,Hour wait whom bad hold audience.,208652,35226,509
769,YouTube,2025-07-06,https://www.monroe.org/,Debate individual training only.,551327,48144,3929
417,Instagram,2025-05-11,https://www.brown-walker.biz/,Heart start again culture hospital blood station.,510769,2531,1729
67,Instagram,2025-06-03,https://www.chapman-jones.info/,Expert she or draw.,169562,19159,4731
296,Instagram,2025-06-07,https://mcclure.biz/,Receive recently day.,56015,12218,1132
474,Twitter,2025-07-18,http://glass.org/,Easy condition interview court page occur.,266201,16728,4773
31,YouTube,2025-06-27,https://www.moyer-smith.com/,Shoulder morning color democratic western.,433010,37439,2734
163,Facebook,2025-05-01,https://pittman-rivers.org/,Parent population benefit present.,68621,18614,4081
82,Facebook,2025-06-15,https://shepard.com/,Rock benefit spend really side step family.,106462,38579,4736
886,YouTube,2025-04-28,http://garza.biz/,Measure east skill miss none same culture test.,195099,7301,3448
847,Facebook,2025-04-27,https://vasquez-nguyen.com/,Reveal sell threat score say girl before political.,131908,35640,3452
374,Instagram,2025-07-18,http://www.mullins-kidd.com/,Yes prove point strong well who.,545520,25740,2260
417,Instagram,2025-05-10,http://www.myers.com/,Yet help cultural whose on inside.,147902,36255,2180
272,Twitter,2025-05-14,http://www.hall.com/,Wrong smile tree daughter reflect smile consider save.,126209,2750,1171
963,Twitter,2025-07-12,https://www.ray.com/,Goal whatever step.,904644,12057,688
954,Facebook,2025-05-08,http://howard.net/,What forget capital television.,17664,1997,1915
981,Twitter,2025-06-05,https://miller.com/,Second letter product community discuss outside store late.,267839,35817,1767
460,Facebook,2025-07-01,https://mullins.org/,Option past item.,253407,22410,3200
13,Instagram,2025-04-24,https://schmidt.com/,Service former me when.,42747,14211,260
367,Facebook,2025-05-19,https://www.parker.net/,Investment huge interview tend analysis attorney use.,379464,24762,4102
917,YouTube,2025-05-08,https://www.martinez-richards.com/,Character to policy.,87227,6318,3485
456,Twitter,2025-07-04,https://www.rose.com/,Age management ready huge mother.,32936,44740,1448
744,Twitter,2025-05-27,http://www.jordan-caldwell.net/,They method boy allow.,125095,49209,4967
283,Facebook,2025-05-05,http://hernandez-guerra.net/,Either name serve face chair even.,375031,19506,1123
918,Facebook,2025-04-24,http://duncan-nunez.biz/,Peace top few knowledge fight nearly.,274767,7032,2841
403,Twitter,2025-06-22,https://moore.com/,Car forward value police down could.,76686,6560,4041
231,Facebook,2025-06-15,http://clark-young.org/,Probably order serve report.,20441,31172,1278
790,YouTube,2025-06-25,http://www.rogers.com/,Force finish language task can.,810937,31890,1352
365,YouTube,2025-05-16,http://www.burgess.com/,Throw majority power property friend close.,30672,49066,1029
220,YouTube,2025-06-14,http://www.miller.org/,History improve health talk chance while prevent.,198962,21022,1783
672,Instagram,2025-06-15,https://gray.info/,Region ability face fall myself.,111684,26564,4710
109,Instagram,2025-04-30,http://brewer-davis.biz/,Throw high chance unit example happen.,91953,1263,2202
612,YouTube,2025-06-19,https://diaz.com/,Tree do although no evening involve name.,566092,8445,623
134,YouTube,2025-07-02,https://walker.com/,Until behavior professor these raise.,51779,35554,3624
535,Twitter,2025-05-06,https://reid-holder.net/,High skill able guy.,310283,1843,2813
861,Twitter,2025-07-18,https://www.williams.com/,Soon interest how.,230521,1407,833
551,Instagram,2025-06-22,https://www.foster.net/,This minute fund remain next.,592752,49977,1958
825,Instagram,2025-05-13,https://schneider.org/,Standard food myself lot put including.,266544,49827,2327
473,Twitter,2025-05-16,http://flores-reid.com/,Question upon wish material.,44539,39514,4243
591,YouTube,2025-05-08,https://hardin.biz/,Themselves top hope institution.,319894,44488,3862
565,Facebook,2025-07-07,http://www.collins.com/,Maintain note share late gas effort lay.,217779,37822,3069
368,Twitter,2025-07-13,http://miller-jones.com/,Strategy yet leg care trouble these doctor.,800277,9172,310
610,Twitter,2025-07-17,http://www.nelson.net/,Away free article over.,111938,20421,17
143,Facebook,2025-05-16,https://www.rowe.net/,Protect create share next stuff.,781389,31779,3244
211,Instagram,2025-07-15,https://white.org/,Body modern bit.,433793,33034,3870
297,Twitter,2025-06-20,https://www.finley-sutton.org/,Likely court explain agent campaign fall.,53499,25189,4414
143,Facebook,2025-07-12,https://holt.com/,Fine pay draw.,269998,3584,630
762,Instagram,2025-07-04,http://www.ruiz.net/,Yourself choose partner wind staff reduce tree.,757947,30823,3815
453,Instagram,2025-06-03,http://smith-solis.com/,Participant all him walk author.,405356,1015,1559
588,Twitter,2025-05-05,https://www.bolton-green.com/,Law evidence up leg usually.,521030,10075,1491
776,Instagram,2025-07-08,http://hines.info/,Pretty learn traditional trouble summer join heart.,500234,31207,1717
533,Instagram,2025-07-02,http://yoder-stevens.com/,Long plan eye.,668192,17817,1172
659,Instagram,2025-05-23,http://www.jennings.com/,Father across common experience.,1639,1869,1669
162,Facebook,2025-06-11,http://www.wright-buck.biz/,Trial dark economic.,483873,16747,890
1,Facebook,2025-05-26,https://www.russell.com/,Friend position amount.,136292,10818,758
581,Facebook,2025-06-16,https://www.ferrell-everett.org/,Concern say property until.,190237,40754,26
555,Facebook,2025-05-09,http://www.howell-moreno.org/,Operation dinner perhaps can.,26680,17740,2258
594,Instagram,2025-05-28,http://www.chambers.biz/,Risk however accept when.,600280,23663,1829
958,Facebook,2025-04-27,https://aguilar.org/,Box little determine already.,43847,26245,4056
949,Facebook,2025-05-29,http://www.odonnell.com/,Course ask speech step international behavior spring.,670317,49082,499
99,Instagram,2025-07-09,https://www.jones.com/,Develop establish among four.,117264,47610,4246
75,YouTube,2025-07-09,http://www.miller.com/,Happy personal fight center.,59080,43944,3179
758,Twitter,2025-05-19,https://www.baker-todd.com/,Prevent bring loss machine wall enough.,207970,12232,3720
198,YouTube,2025-07-16,http://www.petersen.org/,Mind member market nature eat medical along.,471480,19314,4677
975,Instagram,2025-05-11,https://www.warner.com/,Specific fact agency course sound weight.,562806,24225,177
68,Twitter,2025-07-08,http://www.carroll.org/,Quite deal off decision environment raise whole.,374351,2706,3694
149,Instagram,2025-05-23,http://buck.info/,Consider along administration agent southern attention education.,317017,15176,4545
844,Instagram,2025-06-21,https://www.barron.com/,Gun safe face policy five.,880571,24530,3539
883,YouTube,2025-07-13,http://cox.biz/,Spend process chance music nothing.,196485,29715,4843
727,Twitter,2025-05-27,http://www.townsend.info/,Such large middle develop adult wrong floor.,291414,41794,3408
665,Instagram,2025-06-26,https://woods-little.net/,Top prevent age forward music manager.,527959,11485,225
463,Facebook,2025-07-02,https://www.davis.com/,Right half head fish college high finish.,51628,16089,3980
692,Facebook,2025-05-05,http://www.griffin.org/,Why evidence service those.,158577,40170,1685
155,Twitter,2025-05-07,http://www.barron.com/,Who beyond summer child learn set.,15562,22406,2902
263,Facebook,2025-06-05,http://townsend-king.com/,Notice anything voice.,9751,8129,4169
749,Facebook,2025-05-04,http://www.aguilar.org/,Environment suffer clearly throughout think information reach.,155676,5989,4295
17,Facebook,2025-05-12,https://www.gomez-bell.com/,Improve mother along music budget.,586090,3992,4333
808,Facebook,2025-05-05,http://www.jackson-burch.info/,Story become him source stand.,236027,44895,1182
428,Facebook,2025-07-10,https://dunlap-robles.com/,Successful according great center two.,94066,28252,4587
344,Facebook,2025-05-07,http://www.monroe.com/,Someone program first.,479393,15245,2397
846,Facebook,2025-05-08,http://www.stevens.com/,Standard smile magazine work ask sort hit community.,456067,29906,1216
161,YouTube,2025-05-05,https://benton.com/,Name community now sound.,92350,6197,1655
127,Instagram,2025-05-03,https://www.payne.com/,Talk family ahead could possible others.,30899,24871,1285
813,Facebook,2025-05-28,http://www.jackson-washington.com/,Foot direction although much chance.,184008,28816,1021
383,YouTube,2025-05-19,https://www.ortiz-morales.com/,Easy investment body difference compare foreign.,796591,11843,4360
376,Instagram,2025-06-18,http://www.villa.com/,Street be control certain type relationship.,320380,32153,653
904,Twitter,2025-06-07,http://www.hill-campbell.com/,Evening form news oil.,384630,13249,3540
792,Facebook,2025-06-27,https://wiley-long.com/,Then public evening seat next.,526962,33175,2999
615,YouTube,2025-04-25,https://www.summers.com/,Blood impact every your hot bank none line.,481411,1467,551
337,YouTube,2025-06-05,http://alexander.com/,Walk move term fast.,847527,44228,1240
170,YouTube,2025-04-25,https://duncan.biz/,Prepare country organization early dinner teacher reality.,142180,44981,318
929,YouTube,2025-05-18,https://barnett.com/,Tough hand ground ability hit.,623584,4855,970
234,Twitter,2025-06-04,https://www.robles.com/,Good might single point.,111503,8051,3145
593,Twitter,2025-07-10,https://www.contreras.info/,Off bar example want father soldier trial.,612641,12206,3243
997,Twitter,2025-06-14,https://thompson.com/,Wrong today suggest prove night write edge.,316981,22635,1872
24,Facebook,2025-07-02,https://www.webster.com/,Accept watch brother beautiful protect alone.,381115,11394,4609
860,YouTube,2025-05-24,http://www.smith-morris.com/,Ever season nation role accept.,272840,32604,4701
128,Twitter,2025-05-22,https://mcguire.com/,Film social she let stock finish prevent.,603291,45414,121
735,YouTube,2025-06-07,https://cameron-downs.net/,Item manager arm ok phone.,275527,44458,4134
973,YouTube,2025-06-09,https://pena.biz/,Stay approach seven.,89234,21754,3762
146,Twitter,2025-04-25,https://www.rodriguez-morrison.com/,Use song discuss writer service next.,26298,30282,71
798,Twitter,2025-06-21,http://allen-hawkins.info/,Debate much less mother good hundred.,41191,4593,3403
556,Facebook,2025-06-05,http://www.carr-mcfarland.com/,Camera entire left general again.,896746,27810,1965
483,YouTube,2025-05-14,https://www.thompson.info/,Break accept else close remember never detail.,196159,19671,4830
501,Instagram,2025-05-24,http://riddle.org/,Pull pattern issue power chance.,628303,23953,2438
945,Facebook,2025-06-11,https://moore.biz/,Middle loss whether other.,50139,37244,785
683,YouTube,2025-07-17,https://perez.net/,Protect law most or.,80840,30488,3470
900,YouTube,2025-07-11,http://frank-todd.com/,Room join support notice raise cold adult.,943932,2072,3675
76,Facebook,2025-06-24,http://www.carter.com/,Quality position staff.,536630,2597,3921
301,YouTube,2025-07-02,https://lynch.com/,Debate every happen fight drug responsibility today.,6383,47245,2481
942,YouTube,2025-06-30,http://ewing.org/,Others ten force their speak mention improve.,58680,12092,537
358,Facebook,2025-07-16,https://www.lara.info/,Avoid position color until create nation high positive.,290960,16026,69
368,Twitter,2025-06-25,http://www.price-jordan.info/,Line next film easy.,509065,35451,3806
413,Twitter,2025-05-23,https://www.foster.info/,Major board world notice enter image scientist.,118216,6662,66
939,Instagram,2025-05-20,https://www.brown.com/,Share run over hit which money save dream.,810988,27105,4305
321,Twitter,2025-05-12,https://lin.com/,Movement role conference learn be ok trade week.,454503,35845,1152
154,YouTube,2025-05-14,http://www.smith.com/,Building arrive experience note.,455307,18610,1795
388,Instagram,2025-06-19,http://www.chapman-williams.com/,Six soon perhaps.,609332,29228,3058
315,Facebook,2025-07-05,https://hawkins.com/,Some surface both year sit song.,123749,5057,4167
149,Instagram,2025-06-22,http://jones.biz/,Leave wind state think Mr challenge country.,344209,4479,2981
735,YouTube,2025-06-20,http://lambert-martin.com/,Site same then leave.,785085,24668,2330
315,Facebook,2025-07-13,http://mcdaniel-powell.com/,Firm never explain fight positive.,345191,25259,474
370,Instagram,2025-06-24,http://powell.com/,Hundred wall ability national manager put ago.,332083,43615,2044
563,Twitter,2025-06-17,http://www.davis.com/,Tonight foreign offer me.,686603,31820,510
507,Twitter,2025-05-18,https://www.carrillo.biz/,Son bit PM language.,11045,6152,74
980,Twitter,2025-07-06,https://www.stone.com/,Why heavy writer police all it dream.,595115,22453,3994
353,Twitter,2025-05-16,https://burnett.com/,Per decade hope ball stop media bed.,157497,21743,4198
50,Instagram,2025-06-09,http://www.woods-watson.com/,His benefit as like.,58744,11503,3239
177,Twitter,2025-06-03,https://rojas-green.org/,Above last both program others chair water culture.,177875,33898,1828
181,YouTube,2025-05-01,http://www.beck.com/,Respond generation entire think.,127236,45693,1997
932,Twitter,2025-05-20,https://www.young.com/,Room attorney article answer.,207343,29009,3505
671,Instagram,2025-06-20,https://hogan.com/,Choose where now clearly early.,360941,47733,2570
519,Twitter,2025-07-21,https://www.peterson.net/,Require teacher military difficult such.,26723,16669,1179
305,Facebook,2025-04-23,https://www.johnson-chavez.com/,Technology ago anyone sure different still chair real.,171230,12696,1012
109,Instagram,2025-05-25,https://www.green.com/,Like tree especially president clearly enjoy partner recent.,63765,37061,2316
422,YouTube,2025-05-29,http://garcia-meyers.net/,Player play commercial country type report they.,459842,41154,3690
782,Instagram,2025-06-27,https://marsh.biz/,Before data represent building lawyer his at.,23914,1191,3694
968,YouTube,2025-06-16,http://www.jones.net/,Tonight heart statement.,89442,33454,4462
280,Twitter,2025-04-25,https://www.taylor.org/,Management television finish.,742549,2899,1762
741,Twitter,2025-07-07,http://www.allen.com/,Right shoulder quickly choose relationship.,260138,21524,882
752,Facebook,2025-04-23,https://white-delgado.com/,Gun sure effort company pretty.,64838,30546,2461
151,YouTube,2025-07-04,https://jones.com/,Bring six physical without age skin.,65603,9285,1599
215,YouTube,2025-06-17,http://www.jones-brooks.com/,Debate man mind century parent within order.,516442,10466,1257
633,Instagram,2025-06-25,http://www.scott-wilcox.com/,Material step six indeed.,48944,3356,4532
758,Twitter,2025-07-04,https://www.anderson.info/,Name see society hair every.,333862,18108,4648
858,YouTube,2025-06-27,http://campbell.com/,Make reveal four student mouth source talk structure.,198167,3523,3086
129,YouTube,2025-06-06,http://duarte-ballard.org/,Represent population think machine community do likely election.,284254,2674,458
616,Instagram,2025-06-22,http://nixon.com/,Although method land campaign fire.,253340,17790,1081
540,Facebook,2025-05-24,https://hall-bautista.com/,Sort lead three seat answer save.,599321,46171,3080
821,Instagram,2025-05-25,https://aguilar.net/,Certainly woman tonight assume.,382103,43527,4221
585,YouTube,2025-04-23,http://www.nolan.net/,Others term itself line head affect beat.,346336,49579,1803
666,YouTube,2025-06-12,https://www.phelps-wilson.com/,Answer oil huge.,750744,6548,4294
142,Twitter,2025-05-24,http://miller-jackson.com/,Forget quite practice bill huge their might keep.,79289,14496,4493
723,Facebook,2025-05-29,https://www.christensen.com/,Especially Congress poor woman staff window put.,26827,3823,1461
519,Twitter,2025-06-29,http://www.campbell.org/,Nearly speak article.,102084,12193,1508
543,Instagram,2025-07-16,http://king-howell.biz/,View treat later apply fine employee near.,368567,42704,411
535,Twitter,2025-07-01,http://rodriguez-hensley.org/,Thousand relationship computer company.,99072,6091,3373
522,Instagram,2025-06-09,https://www.rodriguez-larsen.com/,Research during seem own instead.,496114,20241,2605
894,Twitter,2025-05-07,http://www.reed.biz/,Generation out available president.,56296,19599,2606
166,YouTube,2025-07-15,https://www.wolfe-freeman.info/,More local customer voice poor.,679155,34471,1158
30,Facebook,2025-05-29,https://www.ali-leblanc.net/,Mission same away.,685017,1291,2883
599,Facebook,2025-06-09,http://simon.com/,Assume bag beat herself.,117923,6198,1449
487,Instagram,2025-05-08,https://edwards-jenkins.info/,Discover find recent south always stay individual leave.,142822,16127,3645
356,Instagram,2025-07-07,http://dean.org/,Call technology want.,40875,29194,4815
754,Instagram,2025-05-11,https://jackson.com/,Be ready west letter news.,79686,27252,3898
639,Twitter,2025-05-02,http://www.hubbard-jackson.com/,Address amount inside traditional quite war.,50036,32626,2025
874,YouTube,2025-07-05,http://beck.com/,Say can or apply great happen force cold.,42383,46122,1821
8,Twitter,2025-06-29,http://wood.org/,Enjoy believe risk scientist color air.,126358,27418,1462
716,Instagram,2025-07-06,https://harris-moore.com/,Blood get human score consumer need.,348297,4880,4204
150,Facebook,2025-06-29,https://smith-smith.org/,Although concern interesting agent have imagine.,2899,11395,637
720,Facebook,2025-07-17,https://mathis-moody.com/,Result him detail forget she.,275849,40251,4339
395,Twitter,2025-05-10,https://wood-smith.net/,Red everyone figure find.,40699,1222,3759
715,Instagram,2025-05-30,http://smith.net/,And join discuss improve.,139586,40055,3813
586,Instagram,2025-07-05,https://perkins.com/,Thing fish off mean age data provide.,116478,41072,2189
536,Facebook,2025-06-29,https://cooper-morgan.net/,Town heart yes.,173002,35181,223
671,Instagram,2025-06-16,https://www.wilkerson.info/,Rule task social authority ball.,283990,30356,557
331,Instagram,2025-07-13,https://lynch.org/,Family view often situation suddenly.,378103,36845,4331
865,Twitter,2025-05-10,http://www.mcbride.info/,Coach medical line no since.,156358,30367,1270
253,YouTube,2025-06-21,https://www.neal-johnson.com/,Moment set structure.,125349,14869,1652
166,YouTube,2025-07-19,http://smith.com/,Tonight door form leg soon accept detail student.,278201,35011,3040
843,YouTube,2025-06-03,http://owens-lynn.com/,Force certainly else simply.,5991,30238,1197
805,YouTube,2025-04-28,http://www.gallegos-simpson.biz/,Itself leader possible treat occur nice animal.,538656,38220,1161
128,Twitter,2025-06-17,http://wade-owen.com/,Measure cup eat.,540628,32441,4491
839,YouTube,2025-07-02,http://grant-sullivan.biz/,Add game system consumer benefit church.,11339,43024,3838
466,Facebook,2025-05-03,https://www.burgess.biz/,Discover why myself its north decision son.,62520,47864,840
352,YouTube,2025-06-10,https://whitney.com/,Arrive least whole office foot long.,636290,48462,4919
351,YouTube,2025-07-03,https://www.martin-davis.com/,Safe color very organization.,688736,11262,1684
941,Twitter,2025-06-25,http://page.net/,National newspaper condition.,174742,35058,1080
172,Instagram,2025-06-25,https://heath.info/,Matter heavy live case character.,182157,15560,2043
412,Twitter,2025-06-25,http://murray-arnold.biz/,Town laugh establish compare.,145954,17671,4531
18,YouTube,2025-06-24,http://www.patterson.com/,American move week toward.,143413,21981,3878
240,Twitter,2025-05-08,http://kent.com/,Affect bit city experience data world western.,2748,22825,2257
778,Facebook,2025-04-23,http://www.johnston-jones.net/,Race magazine word including.,22264,21854,1949
285,YouTube,2025-07-12,https://www.blanchard-ferguson.com/,Beat address attack probably.,25507,40696,2036
307,YouTube,2025-06-23,https://www.shelton.com/,Form every piece family.,240796,28029,117
721,YouTube,2025-04-28,http://www.cook.com/,He role mother final.,644646,45523,4611
393,Facebook,2025-07-15,http://www.perez.biz/,Democratic mother economy support power forward about attack.,185617,16479,2246
435,Twitter,2025-06-08,http://www.alvarez.net/,Huge statement clearly.,772855,24769,2778
864,Twitter,2025-05-29,https://www.tyler.com/,Poor break management oil.,99628,5087,2001
249,Instagram,2025-05-13,http://www.wallace-watkins.com/,Sometimes green for know.,245366,16650,912
779,Twitter,2025-07-07,https://dean.net/,Ability base edge media mention.,13669,39547,4398
168,Instagram,2025-05-06,http://weber.com/,Against process serious cut method.,427481,43143,2133
757,YouTube,2025-07-04,https://www.erickson-howard.info/,Certainly challenge role several total affect onto perform.,104817,28590,937
165,Facebook,2025-06-06,https://www.jordan-hernandez.com/,Level expert onto military drop.,349369,13404,2027
531,Facebook,2025-06-25,https://www.gardner.info/,Change college media will.,122660,49142,2046
768,Facebook,2025-07-14,https://www.cain-baker.com/,Source will group keep final although them.,34026,48517,2243
353,Twitter,2025-07-21,https://ford-king.com/,Would improve result end.,342207,34844,1253
407,Facebook,2025-07-02,https://www.christensen.info/,Will where section church prepare event.,323427,38163,1815
550,Facebook,2025-06-11,http://deleon-vance.net/,Republican since heart finally care.,413155,4302,4284
139,Facebook,2025-07-17,https://www.garcia.org/,Tax two during follow not plan.,135536,44937,3921
937,YouTube,2025-05-20,https://www.bernard-lopez.net/,Thing PM market.,312389,39701,1464
231,Facebook,2025-06-16,http://www.smith.info/,Week along sign.,158363,21214,284
229,Instagram,2025-06-28,https://mclaughlin.org/,Play involve rock edge doctor whether.,194213,35192,1624
792,Facebook,2025-06-05,https://www.wallace-salas.org/,Form late old fight among major front.,126967,16537,3958
700,YouTube,2025-06-13,https://adams-crane.com/,Per discover culture detail finish.,222397,24701,4450
566,Instagram,2025-07-10,http://www.jackson.com/,Mind real kid beautiful continue talk.,250883,25220,2077
282,Twitter,2025-06-28,https://montes.org/,Cultural crime activity get between.,37362,27481,115
345,YouTube,2025-06-15,http://johnson-short.net/,Specific reflect education air behind deal.,3670,945,1572
760,Instagram,2025-05-13,http://www.morris.com/,Official beautiful fact us person interesting.,310101,9130,1120
696,Facebook,2025-06-01,https://www.hawkins.biz/,Teach someone offer again however.,194843,26075,2320
518,Instagram,2025-07-17,http://keith-ford.biz/,May front player wait customer already.,529201,29684,2623
400,YouTube,2025-05-31,https://www.richardson.net/,American give year field follow eye realize.,283562,19048,1288
741,Twitter,2025-06-30,https://www.guzman.com/,Source conference western hospital better growth.,12301,31355,4905
721,YouTube,2025-07-12,https://www.lewis.org/,Order western still fast moment.,602477,31962,3417
669,Twitter,2025-05-15,https://www.smith.com/,Congress anyone sea suddenly military.,864482,8437,4290
151,YouTube,2025-05-31,https://wilson.com/,Here knowledge tell get he approach focus.,127812,9463,4489
241,Instagram,2025-07-16,https://russell-powers.com/,Able five send truth.,395031,42000,1327
657,Facebook,2025-05-06,https://galloway.biz/,Skill community network hard theory sing.,432804,36264,2260
595,Instagram,2025-07-04,http://www.perez.info/,Watch money item far deep leader around wind.,394655,48770,1842
724,Instagram,2025-05-31,http://www.valentine.com/,Simple firm happen lay lot property give.,233247,22870,3012
9,YouTube,2025-05-03,https://www.williams.biz/,Fact election though actually cup concern artist.,171322,1567,2238
613,YouTube,2025-05-03,https://www.riley.com/,Respond listen be front something look play.,35620,9475,3056
893,Twitter,2025-06-21,https://www.barnes-garrett.com/,Size various generation thousand.,387501,16948,1939
401,Twitter,2025-07-13,https://www.zimmerman.com/,Close black move leader less forward administration couple.,50105,20122,3671
817,Facebook,2025-06-12,http://edwards-thompson.org/,Expert health quite how.,271473,28834,344
109,Instagram,2025-06-02,https://www.reese.com/,Respond anything military I discussion.,1228,39115,3143
346,Facebook,2025-05-04,http://henson-grant.net/,Pressure on my.,180595,11907,2627
624,Instagram,2025-06-03,http://patterson-bauer.com/,Expect nor plant move be memory.,579676,12966,1054
554,Facebook,2025-06-29,https://www.frazier.net/,Type member million laugh role its rest.,173992,25665,2317
928,Twitter,2025-07-07,https://valdez.com/,Fact Mr onto they benefit.,173998,29284,4173
668,YouTube,2025-05-21,http://www.collins.com/,Less it general decade begin throw even.,155723,16820,714
225,Facebook,2025-06-17,https://jones.net/,Physical myself left lawyer expert quality.,110462,42719,1804
630,YouTube,2025-05-12,https://owen.com/,Knowledge strategy soldier thing per agent.,166210,25532,2298
178,YouTube,2025-04-23,https://fox-gonzalez.org/,Wonder fund thought most wrong newspaper.,14372,39297,1691
850,Facebook,2025-05-09,https://ward.com/,Throw letter mention produce must reason six.,208288,42441,1445
172,Instagram,2025-06-15,https://www.castro-bailey.org/,Yourself bed eight increase keep.,97111,13608,3739
611,Facebook,2025-06-27,https://white.com/,Next suddenly along someone make.,15011,24121,3472
291,YouTube,2025-06-09,https://kaiser.com/,Case everything despite money.,169011,34062,2592
68,Twitter,2025-05-31,https://lopez-jones.biz/,Million paper full.,53004,15525,1722
525,Facebook,2025-05-14,https://www.mckenzie.net/,Weight central figure better try from.,254374,19504,2507
579,Twitter,2025-06-27,https://www.stewart.com/,Move guy its.,137003,14426,936
262,YouTube,2025-06-11,http://www.owens.org/,Financial two someone billion stuff according.,159726,44946,4476
523,Twitter,2025-05-30,http://www.mcdowell.com/,Purpose relate benefit special.,466438,26464,3948
732,Facebook,2025-06-27,http://morgan-rollins.com/,Decade set morning.,116129,45867,2667
758,Twitter,2025-07-04,https://rivera-rios.com/,Before fine beautiful defense.,437244,15803,3316
649,Instagram,2025-06-28,http://jones.com/,Because direction game will.,527150,49680,1959
364,Instagram,2025-06-08,https://chambers.com/,Mr away put tend town area.,182871,39759,1260
553,Facebook,2025-07-12,https://www.james-morgan.info/,Interest exist approach economy body degree.,69533,23756,4899
992,Twitter,2025-06-28,http://fowler.org/,Which responsibility work cost boy your group something.,410540,34886,3259
765,Twitter,2025-04-28,https://collins.com/,Data spring involve second find space how my.,46793,30585,4959
721,YouTube,2025-06-14,https://www.chambers.com/,Raise military station star.,734104,32026,4880
843,YouTube,2025-05-08,http://www.reyes.info/,From it talk including set teacher expert.,2873,6900,1020
356,Instagram,2025-05-08,https://golden.info/,Business marriage several.,660941,2878,2516
764,Facebook,2025-07-03,https://yoder-kane.com/,Shake administration understand sign.,68298,10685,4729
229,Instagram,2025-05-01,https://palmer.net/,Like late woman especially each hour view.,620382,10683,3644
436,Facebook,2025-07-05,https://phillips-bell.com/,Successful usually major explain weight environmental watch.,5099,14267,2658
295,Facebook,2025-05-07,https://www.dorsey-scott.net/,Pretty through back story authority star billion.,371906,22888,1881
809,Instagram,2025-06-11,https://brown.com/,According either hospital put.,663727,29491,340
1,Facebook,2025-06-07,http://www.williams.com/,East character check deal enter tend dark.,143450,46358,4826
501,Instagram,2025-05-19,https://howell-perez.org/,Interesting with poor brother large catch.,786640,28746,3303
284,Facebook,2025-06-08,http://johnson-smith.com/,Message check nothing fight their.,11655,48284,1617
82,Facebook,2025-05-13,http://stone.com/,Or notice else fire knowledge air anyone show.,112120,13210,1050
839,YouTube,2025-05-07,https://ward.com/,Cup draw significant.,29561,24084,4689
899,Twitter,2025-07-14,http://www.brown-williams.com/,Stand especially that happy level.,253733,7808,439
664,Instagram,2025-05-31,https://carter-stevenson.net/,Good use night lose establish.,476153,43156,4977
465,Twitter,2025-06-07,https://www.pitts-robinson.info/,Who because teacher idea.,781447,10595,2584
287,YouTube,2025-05-09,http://www.garcia-greene.com/,Card they former pattern particularly special live.,53375,9292,2826
127,Instagram,2025-07-02,https://www.barrera.biz/,Better center two standard day get.,38128,39584,1651
218,Twitter,2025-05-14,https://www.diaz.biz/,Might such last try likely collection.,95088,20731,273
632,Facebook,2025-05-19,http://www.wilson.net/,Model system suddenly.,271005,33669,4245
300,YouTube,2025-07-21,http://www.miller.com/,Lot beyond early management TV list.,158673,46306,3116
402,Facebook,2025-06-03,https://santos.com/,Indeed political information garden.,151757,3727,4256
891,Instagram,2025-05-03,http://www.scott.org/,Her evening find.,506204,43128,1805
401,Twitter,2025-06-19,http://www.taylor.com/,Above bank onto simple what represent food.,30503,42044,1752
106,Twitter,2025-05-18,https://www.leonard.org/,Much school few force.,94406,6772,338
984,Facebook,2025-05-30,https://yates.com/,Ago mention still matter rock community.,55133,33943,1292
888,Twitter,2025-05-27,https://www.hamilton.com/,Audience as nature list shoulder door local.,116822,46023,1949
858,YouTube,2025-06-26,http://www.patel.com/,Pass decade yourself as result.,22660,38722,1468
540,Facebook,2025-05-20,https://lee.net/,Budget visit law military.,268112,34429,3091
496,YouTube,2025-04-30,http://green.com/,Nice company wide yet mean.,283174,7906,4563
541,Facebook,2025-05-26,https://rowe.com/,Protect sound century collection arrive manage machine.,129866,41154,1530
428,Facebook,2025-06-02,https://www.hill.biz/,Protect raise issue father act bag.,325020,18613,1158
692,Facebook,2025-05-05,http://dean-solomon.biz/,Adult policy must cut.,365300,9711,4705
782,Instagram,2025-06-09,https://www.chaney.org/,Likely site front mention.,362312,18055,4221
182,Instagram,2025-06-09,https://www.taylor.com/,Entire mother prevent director series.,55124,9432,2105
743,Twitter,2025-07-20,http://lynn.net/,Success father kid mention old.,889645,15363,291
56,Twitter,2025-05-23,http://www.cox.com/,Benefit appear Republican will worry never food develop.,177158,38130,1627
504,Facebook,2025-05-26,http://www.oliver-fitzpatrick.com/,Police enjoy surface onto.,199466,19693,3045
649,Instagram,2025-06-29,https://reeves-villanueva.net/,Long do magazine huge however require.,485148,26694,4315
60,Facebook,2025-05-31,http://lamb.info/,Western thus alone lot them culture agent compare.,228178,30052,101
546,Facebook,2025-05-29,http://www.huff.com/,Enjoy whom walk low capital reach.,110501,40299,4619
741,Twitter,2025-06-10,https://www.hebert-larson.net/,Organization tough think.,115611,21975,2461
368,Twitter,2025-06-29,http://www.lopez.org/,Coach child something former.,517302,22435,4912
181,YouTube,2025-05-13,http://www.brown-cantrell.com/,Production than may add better.,192057,28342,808
811,YouTube,2025-07-08,https://tucker-jackson.com/,Movement professional author purpose series.,96518,41751,1824
230,Facebook,2025-05-15,http://www.pennington.com/,Treatment reality push probably much government together.,353407,11117,2697
955,YouTube,2025-07-01,https://www.ferguson.com/,Impact seat community value employee.,302044,40549,1836
910,Instagram,2025-05-27,http://evans.com/,American environmental including few.,77945,29092,4082
663,Twitter,2025-05-21,http://allen.biz/,West hard reveal someone whole include.,271976,7722,4660
807,Instagram,2025-07-06,http://www.jackson-spencer.info/,Shoulder arrive alone effect involve a between.,807458,43544,3333
413,Twitter,2025-06-08,http://www.brown-berger.com/,Add song audience buy green leave these.,173738,24321,496
429,Instagram,2025-05-03,https://garcia.com/,Agreement rather parent at.,452309,27158,4881
288,YouTube,2025-06-04,http://www.evans.com/,Page you official unit truth avoid.,197426,19320,2388
464,Instagram,2025-07-05,https://www.moore.biz/,Mean offer wonder concern want start.,168930,49333,2186
986,Facebook,2025-07-03,https://scott.com/,Care take worker enough.,46930,42576,1969
67,Instagram,2025-05-03,http://www.sawyer-jones.com/,Little voice job difference idea assume visit.,477933,2760,2891
418,Instagram,2025-05-23,https://martin-willis.org/,When whom property player later ask only able.,521024,45007,4279
541,Facebook,2025-07-14,http://www.fisher.com/,Standard local respond through whatever enter try.,5997,19588,2692
578,Twitter,2025-04-27,https://www.rogers.net/,Daughter set field where.,181645,23018,109
71,YouTube,2025-06-14,http://tran-anderson.com/,Fire agent personal face least political.,112398,9581,3054
258,Twitter,2025-05-21,http://mora.com/,Marriage bank information tend head make.,115049,1509,3189
350,Twitter,2025-07-01,https://robbins-shelton.net/,Might population degree road agree.,38385,6271,2990
689,Twitter,2025-07-20,http://www.barron-pennington.net/,Follow feeling must decision.,392185,45025,4689
830,Instagram,2025-07-02,https://www.kim.biz/,Represent meeting nearly including.,319585,23424,4730
935,Facebook,2025-05-19,http://www.garcia.com/,Able her Mrs bag road back.,64991,21349,4800
840,Facebook,2025-05-17,https://www.scott-gordon.com/,Spring later economy.,124425,6245,3094
